Date,S&P500,Dow Jones
2007-01-03,1416.6,12474.5195
2007-01-04,1418.34,12480.6904
2007-01-05,1409.71,12398.0098
2007-01-08,1412.84,12423.4902
2007-01-09,1412.11,12416.5996
2007-01-10,1414.85,12442.1602
2007-01-11,1423.8199,12514.9805
2007-01-12,1430.73,12556.0801
2007-01-16,1431.9,12582.5898
2007-01-17,1430.62,12577.1504
2007-01-18,1426.37,12567.9297
2007-01-19,1430.5,12565.5303
2007-01-22,1422.95,12477.1602
2007-01-23,1427.99,12533.7998
2007-01-24,1440.13,12621.7695
2007-01-25,1423.9,12502.5596
2007-01-26,1422.1801,12487.0195
2007-01-29,1420.62,12490.7803
2007-01-30,1428.8199,12523.3096
2007-01-31,1438.24,12621.6904
2007-02-01,1445.9399,12673.6797
2007-02-02,1448.39,12653.4902
2007-02-05,1446.99,12661.7402
2007-02-06,1448.0,12666.3096
2007-02-07,1450.02,12666.8701
2007-02-08,1448.3101,12637.6299
2007-02-09,1438.0601,12580.8301
2007-02-12,1433.37,12552.5498
2007-02-13,1444.26,12654.8496
2007-02-14,1455.3,12741.8604
2007-02-15,1456.8101,12765.0098
2007-02-16,1455.54,12767.5703
2007-02-20,1459.6801,12786.6396
2007-02-21,1457.63,12738.4102
2007-02-22,1456.38,12686.0195
2007-02-23,1451.1899,12647.4805
2007-02-26,1449.37,12632.2598
2007-02-27,1399.04,12216.2402
2007-02-28,1406.8199,12268.6299
2007-03-01,1403.17,12234.3398
2007-03-02,1387.17,12114.0996
2007-03-05,1374.12,12050.4102
2007-03-06,1395.41,12207.5898
2007-03-07,1391.97,12192.4502
2007-03-08,1401.89,12260.7002
2007-03-09,1402.84,12276.3203
2007-03-12,1406.6,12318.6201
2007-03-13,1377.95,12075.96
2007-03-14,1387.17,12133.4004
2007-03-15,1392.28,12159.6797
2007-03-16,1386.95,12110.4102
2007-03-19,1402.0601,12226.1699
2007-03-20,1410.9399,12288.0996
2007-03-21,1435.04,12447.5195
2007-03-22,1434.54,12461.1396
2007-03-23,1436.11,12481.0098
2007-03-26,1437.5,12469.0703
2007-03-27,1428.61,12397.29
2007-03-28,1417.23,12300.3604
2007-03-29,1422.53,12348.75
2007-03-30,1420.86,12354.3496
2007-04-02,1424.55,12382.2998
2007-04-03,1437.77,12510.2998
2007-04-04,1439.37,12530.0498
2007-04-05,1443.76,12560.2002
2007-04-09,1444.61,12569.1396
2007-04-10,1448.39,12573.8496
2007-04-11,1438.87,12484.6201
2007-04-12,1447.8,12552.96
2007-04-13,1452.85,12612.1299
2007-04-16,1468.33,12720.46
2007-04-17,1471.48,12773.04
2007-04-18,1472.5,12803.8398
2007-04-19,1470.73,12808.6299
2007-04-20,1484.35,12961.9805
2007-04-23,1480.9301,12919.4004
2007-04-24,1480.41,12953.9404
2007-04-25,1495.42,13089.8896
2007-04-26,1494.25,13105.5
2007-04-27,1494.0699,13120.9404
2007-04-30,1482.37,13062.9102
2007-05-01,1486.3,13136.1396
2007-05-02,1495.92,13211.8799
2007-05-03,1502.39,13241.3799
2007-05-04,1505.62,13264.6201
2007-05-07,1509.48,13312.9697
2007-05-08,1507.72,13309.0703
2007-05-09,1512.58,13362.8701
2007-05-10,1491.47,13215.1299
2007-05-11,1505.85,13326.2197
2007-05-14,1503.15,13346.7803
2007-05-15,1501.1899,13383.8398
2007-05-16,1514.14,13487.5303
2007-05-17,1512.75,13476.7197
2007-05-18,1522.75,13556.5303
2007-05-21,1525.1,13542.8799
2007-05-22,1524.12,13539.9502
2007-05-23,1522.28,13525.6504
2007-05-24,1507.51,13441.1299
2007-05-25,1515.73,13507.2803
2007-05-29,1518.11,13521.3398
2007-05-30,1530.23,13633.0801
2007-05-31,1530.62,13627.6396
2007-06-01,1536.34,13668.1104
2007-06-04,1539.1801,13676.3203
2007-06-05,1530.95,13595.46
2007-06-06,1517.38,13465.6699
2007-06-07,1490.72,13266.7305
2007-06-08,1507.67,13424.3896
2007-06-11,1509.12,13424.96
2007-06-12,1493.0,13295.0098
2007-06-13,1515.67,13482.3496
2007-06-14,1522.97,13553.7305
2007-06-15,1532.91,13639.4805
2007-06-18,1531.05,13612.9805
2007-06-19,1533.7,13635.4199
2007-06-20,1512.84,13489.4199
2007-06-21,1522.1899,13545.8398
2007-06-22,1502.5601,13360.2598
2007-06-25,1497.74,13352.0498
2007-06-26,1492.89,13337.6602
2007-06-27,1506.34,13427.7305
2007-06-28,1505.71,13422.2803
2007-06-29,1503.35,13408.6201
2007-07-02,1519.4301,13535.4297
2007-07-03,1524.87,13577.2998
2007-07-05,1525.4,13565.8398
2007-07-06,1530.4399,13611.6797
2007-07-09,1531.85,13649.9697
2007-07-10,1510.12,13501.7002
2007-07-11,1518.76,13577.8701
2007-07-12,1547.7,13861.7305
2007-07-13,1552.5,13907.25
2007-07-16,1549.52,13950.9805
2007-07-17,1549.37,13971.5498
2007-07-18,1546.17,13918.2197
2007-07-19,1553.08,14000.4102
2007-07-20,1534.1,13851.0801
2007-07-23,1541.5699,13943.4199
2007-07-24,1511.04,13716.9502
2007-07-25,1518.09,13785.0703
2007-07-26,1482.66,13473.5703
2007-07-27,1458.95,13265.4697
2007-07-30,1473.91,13358.3096
2007-07-31,1455.27,13211.9902
2007-08-01,1465.8101,13362.3701
2007-08-02,1472.2,13463.3301
2007-08-03,1433.0601,13181.9102
2007-08-06,1467.67,13468.7803
2007-08-07,1476.71,13504.2998
2007-08-08,1497.49,13657.8604
2007-08-09,1453.09,13270.6797
2007-08-10,1453.64,13239.54
2007-08-13,1452.92,13236.5303
2007-08-14,1426.54,13028.9199
2007-08-15,1406.7,12861.4697
2007-08-16,1411.27,12845.7803
2007-08-17,1445.9399,13079.0801
2007-08-20,1445.55,13121.3496
2007-08-21,1447.12,13090.8604
2007-08-22,1464.0699,13236.1299
2007-08-23,1462.5,13235.8799
2007-08-24,1479.37,13378.8701
2007-08-27,1466.79,13322.1299
2007-08-28,1432.36,13041.8496
2007-08-29,1463.76,13289.29
2007-08-30,1457.64,13238.7305
2007-08-31,1473.99,13357.7402
2007-09-04,1489.42,13448.8604
2007-09-05,1472.29,13305.4697
2007-09-06,1478.55,13363.3496
2007-09-07,1453.55,13113.3799
2007-09-10,1451.7,13127.8496
2007-09-11,1471.49,13308.3896
2007-09-12,1471.5601,13291.6504
2007-09-13,1483.95,13424.8799
2007-09-14,1484.25,13442.5195
2007-09-17,1476.65,13403.4199
2007-09-18,1519.78,13739.3896
2007-09-19,1529.03,13815.5596
2007-09-20,1518.75,13766.7002
2007-09-21,1525.75,13820.1904
2007-09-24,1517.73,13759.0596
2007-09-25,1517.21,13778.6504
2007-09-26,1525.42,13878.1504
2007-09-27,1531.38,13912.9404
2007-09-28,1526.75,13895.6299
2007-10-01,1547.04,14087.5498
2007-10-02,1546.63,14047.3096
2007-10-03,1539.59,13968.0498
2007-10-04,1542.84,13974.3096
2007-10-05,1557.59,14066.0098
2007-10-08,1552.58,14043.7305
2007-10-09,1565.15,14164.5303
2007-10-10,1562.47,14078.6904
2007-10-11,1554.41,14015.1201
2007-10-12,1561.8,14093.0801
2007-10-15,1548.71,13984.7998
2007-10-16,1538.53,13912.9404
2007-10-17,1541.24,13892.54
2007-10-18,1540.08,13888.96
2007-10-19,1500.63,13522.0195
2007-10-22,1506.33,13566.9697
2007-10-23,1519.59,13676.2305
2007-10-24,1515.88,13675.25
2007-10-25,1514.4,13671.9199
2007-10-26,1535.28,13806.7002
2007-10-29,1540.98,13870.2598
2007-10-30,1531.02,13792.4697
2007-10-31,1549.38,13930.0098
2007-11-01,1508.4399,13567.8701
2007-11-02,1509.65,13595.0996
2007-11-05,1502.17,13543.4004
2007-11-06,1520.27,13660.9404
2007-11-07,1475.62,13300.0195
2007-11-08,1474.77,13266.29
2007-11-09,1453.7,13042.7402
2007-11-12,1439.1801,12987.5498
2007-11-13,1481.05,13307.0898
2007-11-14,1470.58,13231.0098
2007-11-15,1451.15,13110.0498
2007-11-16,1458.74,13176.79
2007-11-19,1433.27,12958.4404
2007-11-20,1439.7,13010.1396
2007-11-21,1416.77,12799.04
2007-11-23,1440.7,12980.8799
2007-11-26,1407.22,12743.4404
2007-11-27,1428.23,12958.4404
2007-11-28,1469.02,13289.4502
2007-11-29,1469.72,13311.7305
2007-11-30,1481.14,13371.7197
2007-12-03,1472.42,13314.5703
2007-12-04,1462.79,13248.7305
2007-12-05,1485.01,13444.96
2007-12-06,1507.34,13619.8896
2007-12-07,1504.66,13625.5801
2007-12-10,1515.96,13727.0303
2007-12-11,1477.65,13432.7695
2007-12-12,1486.59,13473.9004
2007-12-13,1488.41,13517.96
2007-12-14,1467.95,13339.8496
2007-12-17,1445.9,13167.2002
2007-12-18,1454.98,13232.4697
2007-12-19,1453.0,13207.2695
2007-12-20,1460.12,13245.6396
2007-12-21,1484.46,13450.6504
2007-12-24,1496.45,13550.04
2007-12-26,1497.66,13551.6904
2007-12-27,1476.27,13359.6104
2007-12-28,1478.49,13365.8701
2007-12-31,1468.36,13264.8203
2008-01-02,1447.16,13043.96
2008-01-03,1447.16,13056.7197
2008-01-04,1411.63,12800.1797
2008-01-07,1416.1801,12827.4902
2008-01-08,1390.1899,12589.0703
2008-01-09,1409.13,12735.3096
2008-01-10,1420.33,12853.0898
2008-01-11,1401.02,12606.2998
2008-01-14,1416.25,12778.1504
2008-01-15,1380.95,12501.1104
2008-01-16,1373.2,12466.1602
2008-01-17,1333.25,12159.21
2008-01-18,1325.1899,12099.2998
2008-01-22,1310.5,11971.1904
2008-01-23,1338.6,12270.1699
2008-01-24,1352.0699,12378.6104
2008-01-25,1330.61,12207.1699
2008-01-28,1353.96,12383.8896
2008-01-29,1362.3,12480.2998
2008-01-30,1355.8101,12442.8301
2008-01-31,1378.55,12650.3604
2008-02-01,1395.42,12743.1904
2008-02-04,1380.8199,12635.1602
2008-02-05,1336.64,12265.1299
2008-02-06,1326.45,12200.0996
2008-02-07,1336.91,12247.0
2008-02-08,1331.29,12182.1299
2008-02-11,1339.13,12240.0098
2008-02-12,1348.86,12373.4102
2008-02-13,1367.21,12552.2402
2008-02-14,1348.86,12376.9805
2008-02-15,1349.99,12348.21
2008-02-19,1348.78,12337.2197
2008-02-20,1360.03,12427.2598
2008-02-21,1342.53,12284.2998
2008-02-22,1353.11,12381.0195
2008-02-25,1371.8,12570.2197
2008-02-26,1381.29,12684.9199
2008-02-27,1380.02,12694.2803
2008-02-28,1367.6801,12582.1797
2008-02-29,1330.63,12266.3896
2008-03-03,1331.34,12258.9004
2008-03-04,1326.75,12213.7998
2008-03-05,1333.7,12254.9902
2008-03-06,1304.34,12040.3896
2008-03-07,1293.37,11893.6904
2008-03-10,1273.37,11740.1504
2008-03-11,1320.65,12156.8096
2008-03-12,1308.77,12110.2402
2008-03-13,1315.48,12145.7402
2008-03-14,1288.14,11951.0898
2008-03-17,1276.6,11972.25
2008-03-18,1330.74,12392.6602
2008-03-19,1298.42,12099.6602
2008-03-20,1329.51,12361.3203
2008-03-24,1349.88,12548.6396
2008-03-25,1352.99,12532.5996
2008-03-26,1341.13,12422.8604
2008-03-27,1325.76,12302.46
2008-03-28,1315.22,12216.4004
2008-03-31,1322.7,12262.8896
2008-04-01,1370.1801,12654.3604
2008-04-02,1367.53,12608.9199
2008-04-03,1369.3101,12626.0303
2008-04-04,1370.4,12609.4199
2008-04-07,1372.54,12612.4297
2008-04-08,1365.54,12576.4404
2008-04-09,1354.49,12527.2598
2008-04-10,1360.55,12581.9805
2008-04-11,1332.83,12325.4199
2008-04-14,1328.3199,12302.0596
2008-04-15,1334.4301,12362.4697
2008-04-16,1364.71,12619.2695
2008-04-17,1365.5601,12620.4902
2008-04-18,1390.33,12849.3604
2008-04-21,1388.17,12825.0195
2008-04-22,1375.9399,12720.2305
2008-04-23,1379.9301,12763.2197
2008-04-24,1388.8199,12848.9502
2008-04-25,1397.84,12891.8604
2008-04-28,1396.37,12871.75
2008-04-29,1390.9399,12831.9404
2008-04-30,1385.59,12820.1299
2008-05-01,1409.34,13010.0
2008-05-02,1413.9,13058.2002
2008-05-05,1407.49,12969.54
2008-05-06,1418.26,13020.8301
2008-05-07,1392.5699,12814.3496
2008-05-08,1397.6801,12866.7803
2008-05-09,1388.28,12745.8799
2008-05-12,1403.58,12876.3096
2008-05-13,1403.04,12832.1797
2008-05-14,1408.66,12898.3799
2008-05-15,1423.5699,12992.6602
2008-05-16,1425.35,12986.7998
2008-05-19,1426.63,13028.1602
2008-05-20,1413.4,12828.6797
2008-05-21,1390.71,12601.1904
2008-05-22,1394.35,12625.6201
2008-05-23,1375.9301,12479.6299
2008-05-27,1385.35,12548.3496
2008-05-28,1390.84,12594.0303
2008-05-29,1398.26,12646.2197
2008-05-30,1400.38,12638.3203
2008-06-02,1385.67,12503.8203
2008-06-03,1377.65,12402.8496
2008-06-04,1377.2,12390.4805
2008-06-05,1404.05,12604.4502
2008-06-06,1360.6801,12209.8096
2008-06-09,1361.76,12280.3203
2008-06-10,1358.4399,12289.7598
2008-06-11,1335.49,12083.7695
2008-06-12,1339.87,12141.5801
2008-06-13,1360.03,12307.3496
2008-06-16,1360.14,12269.0801
2008-06-17,1350.9301,12160.2998
2008-06-18,1337.8101,12029.0596
2008-06-19,1342.83,12063.0898
2008-06-20,1317.9301,11842.6904
2008-06-23,1318.0,11842.3604
2008-06-24,1314.29,11807.4297
2008-06-25,1321.97,11811.8301
2008-06-26,1283.15,11453.4199
2008-06-27,1278.38,11346.5098
2008-06-30,1280.0,11350.0098
2008-07-01,1284.91,11382.2598
2008-07-02,1261.52,11215.5098
2008-07-03,1262.9,11288.54
2008-07-07,1252.3101,11231.96
2008-07-08,1273.7,11384.21
2008-07-09,1244.6899,11147.4404
2008-07-10,1253.39,11229.0195
2008-07-11,1239.49,11100.54
2008-07-14,1228.3,11055.1904
2008-07-15,1214.91,10962.54
2008-07-16,1245.36,11239.2803
2008-07-17,1260.3199,11446.6602
2008-07-18,1260.6801,11496.5703
2008-07-21,1260.0,11467.3398
2008-07-22,1277.0,11602.5
2008-07-23,1282.1899,11632.3799
2008-07-24,1252.54,11349.2803
2008-07-25,1257.76,11370.6904
2008-07-28,1234.37,11131.0801
2008-07-29,1263.2,11397.5596
2008-07-30,1284.26,11583.6904
2008-07-31,1267.38,11378.0195
2008-08-01,1260.3101,11326.3203
2008-08-04,1249.01,11284.1504
2008-08-05,1284.88,11615.7695
2008-08-06,1289.1899,11656.0703
2008-08-07,1266.0699,11431.4297
2008-08-08,1296.3199,11734.3203
2008-08-11,1305.3199,11782.3496
2008-08-12,1289.59,11642.4697
2008-08-13,1285.83,11532.96
2008-08-14,1292.9301,11615.9297
2008-08-15,1298.2,11659.9004
2008-08-18,1278.6,11479.3896
2008-08-19,1266.6899,11348.5498
2008-08-20,1274.54,11417.4297
2008-08-21,1277.72,11430.21
2008-08-22,1292.2,11628.0596
2008-08-25,1266.84,11386.25
2008-08-26,1271.51,11412.8701
2008-08-27,1281.66,11502.5098
2008-08-28,1300.6801,11715.1797
2008-08-29,1282.83,11543.96
2008-09-02,1277.58,11516.9199
2008-09-03,1274.98,11532.8799
2008-09-04,1236.83,11188.2305
2008-09-05,1242.3101,11220.96
2008-09-08,1267.79,11510.7402
2008-09-09,1224.51,11230.7305
2008-09-10,1232.04,11268.9199
2008-09-11,1249.05,11433.71
2008-09-12,1251.7,11421.9902
2008-09-15,1192.7,10917.5098
2008-09-16,1213.6,11059.0195
2008-09-17,1156.39,10609.6602
2008-09-18,1206.51,11019.6904
2008-09-19,1255.08,11388.4404
2008-09-22,1207.09,11015.6904
2008-09-23,1188.22,10854.1699
2008-09-24,1185.87,10825.1699
2008-09-25,1209.1801,11022.0596
2008-09-26,1213.27,11143.1299
2008-09-29,1106.42,10365.4502
2008-09-30,1166.36,10850.6602
2008-10-01,1161.0601,10831.0703
2008-10-02,1114.28,10482.8496
2008-10-03,1099.23,10325.3799
2008-10-06,1056.89,9955.5
2008-10-07,996.23,9447.1104
2008-10-08,984.94,9258.0996
2008-10-09,909.92,8579.1904
2008-10-10,899.22,8451.1904
2008-10-13,1003.35,9387.6104
2008-10-14,998.01,9310.9902
2008-10-15,907.84,8577.9102
2008-10-16,946.43,8979.2598
2008-10-17,940.55,8852.2197
2008-10-20,985.4,9265.4297
2008-10-21,955.05,9033.6602
2008-10-22,896.78,8519.21
2008-10-23,908.11,8691.25
2008-10-24,876.77,8378.9502
2008-10-27,848.92,8175.77
2008-10-28,940.51,9065.1201
2008-10-29,930.09,8990.96
2008-10-30,954.09,9180.6904
2008-10-31,968.75,9325.0098
2008-11-03,966.3,9319.8301
2008-11-04,1005.75,9625.2803
2008-11-05,952.77,9139.2695
2008-11-06,904.88,8695.79
2008-11-07,930.99,8943.8096
2008-11-10,919.21,8870.54
2008-11-11,898.95,8693.96
2008-11-12,852.3,8282.6602
2008-11-13,911.29,8835.25
2008-11-14,873.29,8497.3096
2008-11-17,850.75,8273.5801
2008-11-18,859.12,8424.75
2008-11-19,806.58,7997.2798
2008-11-20,752.44,7552.29
2008-11-21,800.03,8046.4199
2008-11-24,851.81,8443.3896
2008-11-25,857.39,8479.4697
2008-11-26,887.68,8726.6104
2008-11-28,896.24,8829.04
2008-12-01,816.21,8149.0898
2008-12-02,848.81,8419.0898
2008-12-03,870.74,8591.6904
2008-12-04,845.22,8376.2402
2008-12-05,876.07,8635.4199
2008-12-08,909.7,8934.1797
2008-12-09,888.67,8691.3301
2008-12-10,899.24,8761.4199
2008-12-11,873.59,8565.0898
2008-12-12,879.73,8629.6797
2008-12-15,868.57,8564.5303
2008-12-16,913.18,8924.1396
2008-12-17,904.42,8824.3398
2008-12-18,885.28,8604.9902
2008-12-19,887.88,8579.1104
2008-12-22,871.63,8519.6904
2008-12-23,863.16,8419.4902
2008-12-24,868.15,8468.4805
2008-12-26,872.8,8515.5498
2008-12-29,869.42,8483.9297
2008-12-30,890.64,8668.3896
2008-12-31,903.25,8776.3896
2009-01-02,931.8,9034.6904
2009-01-05,927.45,8952.8896
2009-01-06,934.7,9015.0996
2009-01-07,906.65,8769.7002
2009-01-08,909.73,8742.46
2009-01-09,890.35,8599.1797
2009-01-12,870.26,8473.9697
2009-01-13,871.79,8448.5596
2009-01-14,842.62,8200.1396
2009-01-15,843.74,8212.4902
2009-01-16,850.12,8281.2197
2009-01-20,805.22,7949.0898
2009-01-21,840.24,8228.0996
2009-01-22,827.5,8122.7998
2009-01-23,831.95,8077.5601
2009-01-26,836.57,8116.0298
2009-01-27,845.71,8174.73
2009-01-28,874.09,8375.4502
2009-01-29,845.14,8149.0098
2009-01-30,825.88,8000.8599
2009-02-02,825.44,7936.75
2009-02-03,838.51,8078.3599
2009-02-04,832.23,7956.6602
2009-02-05,845.85,8063.0698
2009-02-06,868.6,8280.5898
2009-02-09,869.89,8270.8701
2009-02-10,827.16,7888.8799
2009-02-11,833.74,7939.5298
2009-02-12,835.19,7932.7598
2009-02-13,826.84,7850.4102
2009-02-17,789.17,7552.6001
2009-02-18,788.42,7555.6299
2009-02-19,778.94,7465.9502
2009-02-20,770.05,7365.6699
2009-02-23,743.33,7114.7798
2009-02-24,773.14,7350.9399
2009-02-25,764.9,7270.8901
2009-02-26,752.83,7182.0801
2009-02-27,735.09,7062.9302
2009-03-02,700.82,6763.29
2009-03-03,696.33,6726.02
2009-03-04,712.87,6875.8398
2009-03-05,682.55,6594.4399
2009-03-06,683.38,6626.9399
2009-03-09,676.53,6547.0498
2009-03-10,719.6,6926.4902
2009-03-11,721.36,6930.3999
2009-03-12,750.74,7170.0601
2009-03-13,756.55,7223.98
2009-03-16,753.89,7216.9702
2009-03-17,778.12,7395.7002
2009-03-18,794.35,7486.5801
2009-03-19,784.04,7400.7998
2009-03-20,768.54,7278.3799
2009-03-23,822.92,7775.8599
2009-03-24,806.12,7659.9702
2009-03-25,813.88,7749.8101
2009-03-26,832.86,7924.5601
2009-03-27,815.94,7776.1802
2009-03-30,787.53,7522.02
2009-03-31,797.87,7608.9199
2009-04-01,811.08,7761.6001
2009-04-02,834.38,7978.0801
2009-04-03,842.5,8017.5898
2009-04-06,835.48,7975.8501
2009-04-07,815.55,7789.5601
2009-04-08,825.16,7837.1099
2009-04-09,856.56,8083.3799
2009-04-13,858.73,8057.8101
2009-04-14,841.5,7920.1802
2009-04-15,852.06,8029.6201
2009-04-16,865.3,8125.4302
2009-04-17,869.6,8131.3301
2009-04-20,832.39,7841.73
2009-04-21,850.08,7969.5601
2009-04-22,843.55,7886.5698
2009-04-23,851.92,7957.0601
2009-04-24,866.23,8076.29
2009-04-27,857.51,8025.0
2009-04-28,855.16,8016.9502
2009-04-29,873.64,8185.73
2009-04-30,872.81,8168.1201
2009-05-01,877.52,8212.4102
2009-05-04,907.24,8426.7402
2009-05-05,903.8,8410.6504
2009-05-06,919.53,8512.2803
2009-05-07,907.39,8409.8496
2009-05-08,929.23,8574.6504
2009-05-11,909.24,8418.7695
2009-05-12,908.35,8469.1104
2009-05-13,883.92,8284.8896
2009-05-14,893.07,8331.3203
2009-05-15,882.88,8268.6396
2009-05-18,909.71,8504.0801
2009-05-19,908.13,8474.8496
2009-05-20,903.47,8422.04
2009-05-21,888.33,8292.1299
2009-05-22,887.0,8277.3203
2009-05-26,910.33,8473.4902
2009-05-27,893.06,8300.0195
2009-05-28,906.83,8403.7998
2009-05-29,919.14,8500.3301
2009-06-01,942.87,8721.4404
2009-06-02,944.74,8740.8701
2009-06-03,931.76,8675.2402
2009-06-04,942.46,8750.2402
2009-06-05,940.09,8763.1299
2009-06-08,939.14,8764.4902
2009-06-09,942.43,8763.0596
2009-06-10,939.15,8739.0195
2009-06-11,944.89,8770.9199
2009-06-12,946.21,8799.2598
2009-06-15,923.72,8612.1299
2009-06-16,911.97,8504.6699
2009-06-17,910.71,8497.1797
2009-06-18,918.37,8555.5996
2009-06-19,921.23,8539.7305
2009-06-22,893.04,8339.0098
2009-06-23,895.1,8322.9102
2009-06-24,900.94,8299.8604
2009-06-25,920.26,8472.4004
2009-06-26,918.9,8438.3896
2009-06-29,927.23,8529.3799
2009-06-30,919.32,8447.0
2009-07-01,923.33,8504.0596
2009-07-02,896.42,8280.7402
2009-07-06,898.72,8324.8701
2009-07-07,881.03,8163.6001
2009-07-08,879.56,8178.4102
2009-07-09,882.68,8183.1699
2009-07-10,879.13,8146.52
2009-07-13,901.05,8331.6797
2009-07-14,905.84,8359.4902
2009-07-15,932.68,8616.21
2009-07-16,940.74,8711.8203
2009-07-17,940.38,8743.9404
2009-07-20,951.13,8848.1504
2009-07-21,954.58,8915.9404
2009-07-22,954.07,8881.2598
2009-07-23,976.29,9069.29
2009-07-24,979.26,9093.2402
2009-07-27,982.18,9108.5098
2009-07-28,979.62,9096.7197
2009-07-29,975.15,9070.7197
2009-07-30,986.75,9154.46
2009-07-31,987.48,9171.6104
2009-08-03,1002.63,9286.5596
2009-08-04,1005.65,9320.1904
2009-08-05,1002.72,9280.9697
2009-08-06,997.08,9256.2598
2009-08-07,1010.48,9370.0703
2009-08-10,1007.1,9337.9502
2009-08-11,994.35,9241.4502
2009-08-12,1005.81,9361.6104
2009-08-13,1012.73,9398.1904
2009-08-14,1004.09,9321.4004
2009-08-17,979.73,9135.3398
2009-08-18,989.67,9217.9404
2009-08-19,996.46,9279.1602
2009-08-20,1007.37,9350.0498
2009-08-21,1026.13,9505.96
2009-08-24,1025.5699,9509.2803
2009-08-25,1028.0,9539.29
2009-08-26,1028.12,9543.5195
2009-08-27,1030.98,9580.6299
2009-08-28,1028.9301,9544.2002
2009-08-31,1020.62,9496.2803
2009-09-01,998.04,9310.5996
2009-09-02,994.75,9280.6699
2009-09-03,1003.24,9344.6104
2009-09-04,1016.4,9441.2695
2009-09-08,1025.39,9497.3398
2009-09-09,1033.37,9547.2197
2009-09-10,1044.14,9627.4805
2009-09-11,1042.73,9605.4102
2009-09-14,1049.34,9626.7998
2009-09-15,1052.63,9683.4102
2009-09-16,1068.76,9791.71
2009-09-17,1065.49,9783.9199
2009-09-18,1068.3,9820.2002
2009-09-21,1064.66,9778.8604
2009-09-22,1071.66,9829.8701
2009-09-23,1060.87,9748.5498
2009-09-24,1050.78,9707.4404
2009-09-25,1044.38,9665.1904
2009-09-28,1062.98,9789.3604
2009-09-29,1060.61,9742.2002
2009-09-30,1057.08,9712.2803
2009-10-01,1029.85,9509.2803
2009-10-02,1025.21,9487.6699
2009-10-05,1040.46,9599.75
2009-10-06,1054.72,9731.25
2009-10-07,1057.58,9725.5801
2009-10-08,1065.48,9786.8701
2009-10-09,1071.49,9864.9404
2009-10-12,1076.1899,9885.7998
2009-10-13,1073.1899,9871.0596
2009-10-14,1092.02,10015.8604
2009-10-15,1096.5601,10062.9404
2009-10-16,1087.6801,9995.9102
2009-10-19,1097.91,10092.1904
2009-10-20,1091.0601,10041.4805
2009-10-21,1081.4,9949.3604
2009-10-22,1092.91,10081.3096
2009-10-23,1079.6,9972.1797
2009-10-26,1066.95,9867.96
2009-10-27,1063.41,9882.1699
2009-10-28,1042.63,9762.6904
2009-10-29,1066.11,9962.5801
2009-10-30,1036.1899,9712.7305
2009-11-02,1042.88,9789.4404
2009-11-03,1045.41,9771.9102
2009-11-04,1046.5,9802.1396
2009-11-05,1066.63,10005.96
2009-11-06,1069.3,10023.4199
2009-11-09,1093.08,10226.9404
2009-11-10,1093.01,10246.9697
2009-11-11,1098.51,10291.2598
2009-11-12,1087.24,10197.4697
2009-11-13,1093.48,10270.4697
2009-11-16,1109.3,10406.96
2009-11-17,1110.3199,10437.4199
2009-11-18,1109.8,10426.3096
2009-11-19,1094.9,10332.4404
2009-11-20,1091.38,10318.1602
2009-11-23,1106.24,10450.9502
2009-11-24,1105.65,10433.71
2009-11-25,1110.63,10464.4004
2009-11-27,1091.49,10309.9199
2009-11-30,1095.63,10344.8398
2009-12-01,1108.86,10471.5801
2009-12-02,1109.24,10452.6797
2009-12-03,1099.92,10366.1504
2009-12-04,1105.98,10388.9004
2009-12-07,1103.25,10390.1104
2009-12-08,1091.9399,10285.9697
2009-12-09,1095.95,10337.0498
2009-12-10,1102.35,10405.8301
2009-12-11,1106.41,10471.5
2009-12-14,1114.11,10501.0498
2009-12-15,1107.9301,10452.0
2009-12-16,1109.1801,10441.1201
2009-12-17,1096.08,10308.2598
2009-12-18,1102.47,10328.8896
2009-12-21,1114.05,10414.1396
2009-12-22,1118.02,10464.9297
2009-12-23,1120.59,10466.4404
2009-12-24,1126.48,10520.0898
2009-12-28,1127.78,10547.0801
2009-12-29,1126.2,10545.4102
2009-12-30,1126.42,10548.5098
2009-12-31,1115.1,10428.0498
2010-01-04,1132.99,10583.96
2010-01-05,1136.52,10572.0195
2010-01-06,1137.14,10573.6797
2010-01-07,1141.6899,10606.8604
2010-01-08,1144.98,10618.1904
2010-01-11,1146.98,10663.9902
2010-01-12,1136.22,10627.2598
2010-01-13,1145.6801,10680.7695
2010-01-14,1148.46,10710.5498
2010-01-15,1136.03,10609.6504
2010-01-19,1150.23,10725.4297
2010-01-20,1138.04,10603.1504
2010-01-21,1116.48,10389.8799
2010-01-22,1091.76,10172.9805
2010-01-25,1096.78,10196.8604
2010-01-26,1092.17,10194.29
2010-01-27,1097.5,10236.1602
2010-01-28,1084.53,10120.46
2010-01-29,1073.87,10067.3301
2010-02-01,1089.1899,10185.5303
2010-02-02,1103.3199,10296.8496
2010-02-03,1097.28,10270.5498
2010-02-04,1063.11,10002.1797
2010-02-05,1066.1899,10012.2305
2010-02-08,1056.74,9908.3896
2010-02-09,1070.52,10058.6396
2010-02-10,1068.13,10038.3799
2010-02-11,1078.47,10144.1904
2010-02-12,1075.51,10099.1396
2010-02-16,1094.87,10268.8096
2010-02-17,1099.51,10309.2402
2010-02-18,1106.75,10392.9004
2010-02-19,1109.17,10402.3496
2010-02-22,1108.01,10383.3799
2010-02-23,1094.6,10282.4102
2010-02-24,1105.24,10374.1602
2010-02-25,1102.9399,10321.0303
2010-02-26,1104.49,10325.2598
2010-03-01,1115.71,10403.79
2010-03-02,1118.3101,10405.9805
2010-03-03,1118.79,10396.7598
2010-03-04,1122.97,10444.1396
2010-03-05,1138.7,10566.2002
2010-03-08,1138.5,10552.5195
2010-03-09,1140.45,10564.3799
2010-03-10,1145.61,10567.3301
2010-03-11,1150.24,10611.8398
2010-03-12,1149.99,10624.6904
2010-03-15,1150.51,10642.1504
2010-03-16,1159.46,10685.9805
2010-03-17,1166.21,10733.6699
2010-03-18,1165.83,10779.1699
2010-03-19,1159.9,10741.9805
2010-03-22,1165.8101,10785.8896
2010-03-23,1174.17,10888.8301
2010-03-24,1167.72,10836.1504
2010-03-25,1165.73,10841.21
2010-03-26,1166.59,10850.3604
2010-03-29,1173.22,10895.8604
2010-03-30,1173.27,10907.4199
2010-03-31,1169.4301,10856.6299
2010-04-01,1178.1,10927.0703
2010-04-05,1187.4399,10973.5498
2010-04-06,1189.4399,10969.9902
2010-04-07,1182.45,10897.5195
2010-04-08,1186.4399,10927.0703
2010-04-09,1194.37,10997.3496
2010-04-12,1196.48,11005.9697
2010-04-13,1197.3,11019.4199
2010-04-14,1210.65,11123.1104
2010-04-15,1211.67,11144.5703
2010-04-16,1192.13,11018.6602
2010-04-19,1197.52,11092.0498
2010-04-20,1207.17,11117.0596
2010-04-21,1205.9399,11124.9199
2010-04-22,1208.67,11134.29
2010-04-23,1217.28,11204.2803
2010-04-26,1212.05,11205.0303
2010-04-27,1183.71,10991.9902
2010-04-28,1191.36,11045.2695
2010-04-29,1206.78,11167.3203
2010-04-30,1186.6899,11008.6104
2010-05-03,1202.26,11151.8301
2010-05-04,1173.6,10926.7695
2010-05-05,1165.87,10866.8301
2010-05-06,1128.15,10520.3203
2010-05-07,1110.88,10380.4297
2010-05-10,1159.73,10785.1396
2010-05-11,1155.79,10748.2598
2010-05-12,1171.67,10896.9102
2010-05-13,1157.4399,10782.9502
2010-05-14,1135.6801,10620.1602
2010-05-17,1136.9399,10625.8301
2010-05-18,1120.8,10510.9502
2010-05-19,1115.05,10444.3701
2010-05-20,1071.59,10068.0098
2010-05-21,1087.6899,10193.3896
2010-05-24,1073.65,10066.5703
2010-05-25,1074.03,10043.75
2010-05-26,1067.95,9974.4502
2010-05-27,1103.0601,10258.9902
2010-05-28,1089.41,10136.6299
2010-06-01,1070.71,10024.0195
2010-06-02,1098.38,10249.54
2010-06-03,1102.83,10255.2803
2010-06-04,1064.88,9931.9697
2010-06-07,1050.47,9816.4902
2010-06-08,1062.0,9939.9805
2010-06-09,1055.6899,9899.25
2010-06-10,1086.84,10172.5303
2010-06-11,1091.6,10211.0703
2010-06-14,1089.63,10190.8896
2010-06-15,1115.23,10404.7695
2010-06-16,1114.61,10409.46
2010-06-17,1116.04,10434.1699
2010-06-18,1117.51,10450.6396
2010-06-21,1113.2,10442.4102
2010-06-22,1095.3101,10293.5195
2010-06-23,1092.04,10298.4404
2010-06-24,1073.6899,10152.7998
2010-06-25,1076.76,10143.8096
2010-06-28,1074.5699,10138.5195
2010-06-29,1041.24,9870.2998
2010-06-30,1030.71,9774.0195
2010-07-01,1027.37,9732.5303
2010-07-02,1022.58,9686.4805
2010-07-06,1028.0601,9743.6201
2010-07-07,1060.27,10018.2803
2010-07-08,1070.25,10138.9902
2010-07-09,1077.96,10198.0303
2010-07-12,1078.75,10216.2695
2010-07-13,1095.34,10363.0195
2010-07-14,1095.17,10366.7197
2010-07-15,1096.48,10359.3096
2010-07-16,1064.88,10097.9004
2010-07-19,1071.25,10154.4297
2010-07-20,1083.48,10229.96
2010-07-21,1069.59,10120.5303
2010-07-22,1093.67,10322.2998
2010-07-23,1102.66,10424.6201
2010-07-26,1115.01,10525.4297
2010-07-27,1113.84,10537.6904
2010-07-28,1106.13,10497.8799
2010-07-29,1101.53,10467.1602
2010-07-30,1101.6,10465.9404
2010-08-02,1125.86,10674.3799
2010-08-03,1120.46,10636.3799
2010-08-04,1127.24,10680.4297
2010-08-05,1125.8101,10674.9805
2010-08-06,1121.64,10653.5596
2010-08-09,1127.79,10698.75
2010-08-10,1121.0601,10644.25
2010-08-11,1089.47,10378.8301
2010-08-12,1083.61,10319.9502
2010-08-13,1079.25,10303.1504
2010-08-16,1079.38,10302.0098
2010-08-17,1092.54,10405.8496
2010-08-18,1094.16,10415.54
2010-08-19,1075.63,10271.21
2010-08-20,1071.6899,10213.6201
2010-08-23,1067.36,10174.4102
2010-08-24,1051.87,10040.4502
2010-08-25,1055.33,10060.0596
2010-08-26,1047.22,9985.8096
2010-08-27,1064.59,10150.6504
2010-08-30,1048.92,10009.7305
2010-08-31,1049.33,10014.7197
2010-09-01,1080.29,10269.4697
2010-09-02,1090.1,10320.0996
2010-09-03,1104.51,10447.9297
2010-09-07,1091.84,10340.6904
2010-09-08,1098.87,10387.0098
2010-09-09,1104.1801,10415.2402
2010-09-10,1109.55,10462.7695
2010-09-13,1121.9,10544.1299
2010-09-14,1121.1,10526.4902
2010-09-15,1125.0699,10572.7305
2010-09-16,1124.66,10594.8301
2010-09-17,1125.59,10607.8496
2010-09-20,1142.71,10753.6201
2010-09-21,1139.78,10761.0303
2010-09-22,1134.28,10739.3096
2010-09-23,1124.83,10662.4199
2010-09-24,1148.67,10860.2598
2010-09-27,1142.16,10812.04
2010-09-28,1147.7,10858.1396
2010-09-29,1144.73,10835.2803
2010-09-30,1141.2,10788.0498
2010-10-01,1146.24,10829.6797
2010-10-04,1137.03,10751.2695
2010-10-05,1160.75,10944.7197
2010-10-06,1159.97,10967.6504
2010-10-07,1158.0601,10948.5801
2010-10-08,1165.15,11006.4805
2010-10-11,1165.3199,11010.3398
2010-10-12,1169.77,11020.4004
2010-10-13,1178.1,11096.0801
2010-10-14,1173.8101,11094.5703
2010-10-15,1176.1899,11062.7803
2010-10-18,1184.71,11143.6904
2010-10-19,1165.9,10978.6201
2010-10-20,1178.17,11107.9697
2010-10-21,1180.26,11146.5703
2010-10-22,1183.08,11132.5596
2010-10-25,1185.62,11164.0498
2010-10-26,1185.64,11169.46
2010-10-27,1182.45,11126.2803
2010-10-28,1183.78,11113.9502
2010-10-29,1183.26,11118.4902
2010-11-01,1184.38,11124.6201
2010-11-02,1193.5699,11188.7197
2010-11-03,1197.96,11215.1299
2010-11-04,1221.0601,11434.8398
2010-11-05,1225.85,11444.0801
2010-11-08,1223.25,11406.8398
2010-11-09,1213.4,11346.75
2010-11-10,1218.71,11357.04
2010-11-11,1213.54,11283.0996
2010-11-12,1199.21,11192.5801
2010-11-15,1197.75,11201.9697
2010-11-16,1178.34,11023.5
2010-11-17,1178.59,11007.8799
2010-11-18,1196.6899,11181.2305
2010-11-19,1199.73,11203.5498
2010-11-22,1197.84,11178.5801
2010-11-23,1180.73,11036.3701
2010-11-24,1198.35,11187.2803
2010-11-26,1189.4,11091.8701
2010-11-29,1187.76,11052.4902
2010-11-30,1180.55,11006.0195
2010-12-01,1206.0699,11255.7803
2010-12-02,1221.53,11362.4102
2010-12-03,1224.71,11382.0898
2010-12-06,1223.12,11362.1904
2010-12-07,1223.75,11359.1602
2010-12-08,1228.28,11372.4805
2010-12-09,1233.0,11370.0596
2010-12-10,1240.4,11410.3203
2010-12-13,1240.46,11428.5596
2010-12-14,1241.59,11476.54
2010-12-15,1235.23,11457.4697
2010-12-16,1242.87,11499.25
2010-12-17,1243.91,11491.9102
2010-12-20,1247.08,11478.1299
2010-12-21,1254.6,11533.1602
2010-12-22,1258.84,11559.4902
2010-12-23,1256.77,11573.4902
2010-12-27,1257.54,11555.0303
2010-12-28,1258.51,11575.54
2010-12-29,1259.78,11585.3799
2010-12-30,1257.88,11569.71
2010-12-31,1257.64,11577.5098
2011-01-03,1271.87,11670.75
2011-01-04,1270.2,11691.1797
2011-01-05,1276.5601,11722.8896
2011-01-06,1273.85,11697.3096
2011-01-07,1271.5,11674.7598
2011-01-10,1269.75,11637.4502
2011-01-11,1274.48,11671.8799
2011-01-12,1285.96,11755.4404
2011-01-13,1283.76,11731.9004
2011-01-14,1293.24,11787.3799
2011-01-18,1295.02,11837.9297
2011-01-19,1281.92,11825.29
2011-01-20,1280.26,11822.7998
2011-01-21,1283.35,11871.8398
2011-01-24,1290.84,11980.5195
2011-01-25,1291.1801,11977.1904
2011-01-26,1296.63,11985.4404
2011-01-27,1299.54,11989.8301
2011-01-28,1276.34,11823.7002
2011-01-31,1286.12,11891.9297
2011-02-01,1307.59,12040.1602
2011-02-02,1304.03,12041.9697
2011-02-03,1307.1,12062.2598
2011-02-04,1310.87,12092.1504
2011-02-07,1319.05,12161.6299
2011-02-08,1324.5699,12233.1504
2011-02-09,1320.88,12239.8896
2011-02-10,1321.87,12229.29
2011-02-11,1329.15,12273.2598
2011-02-14,1332.3199,12268.1904
2011-02-15,1328.01,12226.6396
2011-02-16,1336.3199,12288.1699
2011-02-17,1340.4301,12318.1396
2011-02-18,1343.01,12391.25
2011-02-22,1315.4399,12212.79
2011-02-23,1307.4,12105.7803
2011-02-24,1306.1,12068.5
2011-02-25,1319.88,12130.4502
2011-02-28,1327.22,12226.3398
2011-03-01,1306.33,12058.0195
2011-03-02,1308.4399,12066.7998
2011-03-03,1330.97,12258.2002
2011-03-04,1321.15,12169.8799
2011-03-07,1310.13,12090.0303
2011-03-08,1321.8199,12214.3799
2011-03-09,1320.02,12213.0898
2011-03-10,1295.11,11984.6104
2011-03-11,1304.28,12044.4004
2011-03-14,1296.39,11993.1602
2011-03-15,1281.87,11855.4199
2011-03-16,1256.88,11613.2998
2011-03-17,1273.72,11774.5898
2011-03-18,1279.21,11858.5195
2011-03-21,1298.38,12036.5303
2011-03-22,1293.77,12018.6299
2011-03-23,1297.54,12086.0195
2011-03-24,1309.66,12170.5596
2011-03-25,1313.8,12220.5898
2011-03-28,1310.1899,12197.8799
2011-03-29,1319.4399,12279.0098
2011-03-30,1328.26,12350.6104
2011-03-31,1325.83,12319.7305
2011-04-01,1332.41,12376.7197
2011-04-04,1332.87,12400.0303
2011-04-05,1332.63,12393.9004
2011-04-06,1335.54,12426.75
2011-04-07,1333.51,12409.4902
2011-04-08,1328.17,12380.0498
2011-04-11,1324.46,12381.1104
2011-04-12,1314.16,12263.5801
2011-04-13,1314.41,12270.9902
2011-04-14,1314.52,12285.1504
2011-04-15,1319.6801,12341.8301
2011-04-18,1305.14,12201.5898
2011-04-19,1312.62,12266.75
2011-04-20,1330.36,12453.54
2011-04-21,1337.38,12505.9902
2011-04-25,1335.25,12479.8799
2011-04-26,1347.24,12595.3701
2011-04-27,1355.66,12690.96
2011-04-28,1360.48,12763.3096
2011-04-29,1363.61,12810.54
2011-05-02,1361.22,12807.3604
2011-05-03,1356.62,12807.5098
2011-05-04,1347.3199,12723.5801
2011-05-05,1335.1,12584.1699
2011-05-06,1340.2,12638.7402
2011-05-09,1346.29,12684.6797
2011-05-10,1357.16,12760.3604
2011-05-11,1342.08,12630.0303
2011-05-12,1348.65,12695.9199
2011-05-13,1337.77,12595.75
2011-05-16,1329.47,12548.3701
2011-05-17,1328.98,12479.5801
2011-05-18,1340.6801,12560.1797
2011-05-19,1343.6,12605.3203
2011-05-20,1333.27,12512.04
2011-05-23,1317.37,12381.2598
2011-05-24,1316.28,12356.21
2011-05-25,1320.47,12394.6602
2011-05-26,1325.6899,12402.7598
2011-05-27,1331.1,12441.5801
2011-05-31,1345.2,12569.79
2011-06-01,1314.55,12290.1396
2011-06-02,1312.9399,12248.5498
2011-06-03,1300.16,12151.2598
2011-06-06,1286.17,12089.96
2011-06-07,1284.9399,12070.8096
2011-06-08,1279.5601,12048.9404
2011-06-09,1289.0,12124.3604
2011-06-10,1270.98,11951.9102
2011-06-13,1271.83,11952.9697
2011-06-14,1287.87,12076.1104
2011-06-15,1265.42,11897.2695
2011-06-16,1267.64,11961.5195
2011-06-17,1271.5,12004.3604
2011-06-20,1278.36,12080.3799
2011-06-21,1295.52,12190.0098
2011-06-22,1287.14,12109.6699
2011-06-23,1283.5,12050.0
2011-06-24,1268.45,11934.5801
2011-06-27,1280.1,12043.5596
2011-06-28,1296.67,12188.6904
2011-06-29,1307.41,12261.4199
2011-06-30,1320.64,12414.3398
2011-07-01,1339.67,12582.7695
2011-07-05,1337.88,12569.8701
2011-07-06,1339.22,12626.0195
2011-07-07,1353.22,12719.4902
2011-07-08,1343.8,12657.2002
2011-07-11,1319.49,12505.7598
2011-07-12,1313.64,12446.8799
2011-07-13,1317.72,12491.6104
2011-07-14,1308.87,12437.1201
2011-07-15,1316.14,12479.7305
2011-07-18,1305.4399,12385.1602
2011-07-19,1326.73,12587.4199
2011-07-20,1325.84,12571.9102
2011-07-21,1343.8,12724.4102
2011-07-22,1345.02,12681.1602
2011-07-25,1337.4301,12592.7998
2011-07-26,1331.9399,12501.2998
2011-07-27,1304.89,12302.5498
2011-07-28,1300.67,12240.1104
2011-07-29,1292.28,12143.2402
2011-08-01,1286.9399,12132.4902
2011-08-02,1254.05,11866.6201
2011-08-03,1260.34,11896.4404
2011-08-04,1200.0699,11383.6797
2011-08-05,1199.38,11444.6104
2011-08-08,1119.46,10809.8496
2011-08-09,1172.53,11239.7695
2011-08-10,1120.76,10719.9404
2011-08-11,1172.64,11143.3096
2011-08-12,1178.8101,11269.0195
2011-08-15,1204.49,11482.9004
2011-08-16,1192.76,11405.9297
2011-08-17,1193.89,11410.21
2011-08-18,1140.65,10990.5801
2011-08-19,1123.53,10817.6504
2011-08-22,1123.8199,10854.6504
2011-08-23,1162.35,11176.7598
2011-08-24,1177.6,11320.71
2011-08-25,1159.27,11149.8203
2011-08-26,1176.8,11284.54
2011-08-29,1210.08,11539.25
2011-08-30,1212.92,11559.9502
2011-08-31,1218.89,11613.5303
2011-09-01,1204.42,11493.5703
2011-09-02,1173.97,11240.2598
2011-09-06,1165.24,11139.2998
2011-09-07,1198.62,11414.8604
2011-09-08,1185.9,11295.8096
2011-09-09,1154.23,10992.1299
2011-09-12,1162.27,11061.1201
2011-09-13,1172.87,11105.8496
2011-09-14,1188.6801,11246.7305
2011-09-15,1209.11,11433.1797
2011-09-16,1216.01,11509.0898
2011-09-19,1204.09,11401.0098
2011-09-20,1202.09,11408.6602
2011-09-21,1166.76,11124.8398
2011-09-22,1129.5601,10733.8301
2011-09-23,1136.4301,10771.4805
2011-09-26,1162.95,11043.8604
2011-09-27,1175.38,11190.6904
2011-09-28,1151.0601,11010.9004
2011-09-29,1160.4,11153.9805
2011-09-30,1131.42,10913.3799
2011-10-03,1099.23,10655.2998
2011-10-04,1123.95,10808.71
2011-10-05,1144.03,10939.9502
2011-10-06,1164.97,11123.3301
2011-10-07,1155.46,11103.1201
2011-10-10,1194.89,11433.1797
2011-10-11,1195.54,11416.2998
2011-10-12,1207.25,11518.8496
2011-10-13,1203.66,11478.1299
2011-10-14,1224.58,11644.4902
2011-10-17,1200.86,11397.0
2011-10-18,1225.38,11577.0498
2011-10-19,1209.88,11504.6201
2011-10-20,1215.39,11541.7803
2011-10-21,1238.25,11808.79
2011-10-24,1254.1899,11913.6201
2011-10-25,1229.05,11706.6201
2011-10-26,1242.0,11869.04
2011-10-27,1284.59,12208.5498
2011-10-28,1285.09,12231.1104
2011-10-31,1253.3,11955.0098
2011-11-01,1218.28,11657.96
2011-11-02,1237.9,11836.04
2011-11-03,1261.15,12044.4697
2011-11-04,1253.23,11983.2402
2011-11-07,1261.12,12068.3896
2011-11-08,1275.92,12170.1797
2011-11-09,1229.1,11780.9404
2011-11-10,1239.7,11893.8604
2011-11-11,1263.85,12153.6797
2011-11-14,1251.78,12078.9805
2011-11-15,1257.8101,12096.1602
2011-11-16,1236.91,11905.5898
2011-11-17,1216.13,11770.7305
2011-11-18,1215.65,11796.1602
2011-11-21,1192.98,11547.3096
2011-11-22,1188.04,11493.7197
2011-11-23,1161.79,11257.5498
2011-11-25,1158.67,11231.6504
2011-11-28,1192.55,11523.0098
2011-11-29,1195.1899,11555.6299
2011-11-30,1246.96,12045.6797
2011-12-01,1244.58,12020.0303
2011-12-02,1244.28,12019.4199
2011-12-05,1257.08,12097.8301
2011-12-06,1258.47,12150.1299
2011-12-07,1261.01,12196.3701
2011-12-08,1234.35,11997.7002
2011-12-09,1255.1899,12184.2598
2011-12-12,1236.47,12021.3896
2011-12-13,1225.73,11954.9404
2011-12-14,1211.8199,11823.4805
2011-12-15,1215.75,11868.8096
2011-12-16,1219.66,11866.3896
2011-12-19,1205.35,11766.2598
2011-12-20,1241.3,12103.5801
2011-12-21,1243.72,12107.7402
2011-12-22,1254.0,12169.6504
2011-12-23,1265.33,12294.0
2011-12-27,1265.4301,12291.3496
2011-12-28,1249.64,12151.4102
2011-12-29,1263.02,12287.04
2011-12-30,1257.6,12217.5596
2012-01-03,1277.0601,12397.3799
2012-01-04,1277.3,12418.4199
2012-01-05,1281.0601,12415.7002
2012-01-06,1277.8101,12359.9199
2012-01-09,1280.7,12392.6904
2012-01-10,1292.08,12462.4697
2012-01-11,1292.48,12449.4502
2012-01-12,1295.5,12471.0195
2012-01-13,1289.09,12422.0596
2012-01-17,1293.67,12482.0703
2012-01-18,1308.04,12578.9502
2012-01-19,1314.5,12623.9805
2012-01-20,1315.38,12720.4805
2012-01-23,1316.0,12708.8203
2012-01-24,1314.65,12675.75
2012-01-25,1326.0601,12758.8496
2012-01-26,1318.4301,12734.6299
2012-01-27,1316.33,12660.46
2012-01-30,1313.01,12653.7197
2012-01-31,1312.41,12632.9102
2012-02-01,1324.09,12716.46
2012-02-02,1325.54,12705.4102
2012-02-03,1344.9,12862.2305
2012-02-06,1344.33,12845.1299
2012-02-07,1347.05,12878.2002
2012-02-08,1349.96,12883.9502
2012-02-09,1351.95,12890.46
2012-02-10,1342.64,12801.2305
2012-02-13,1351.77,12874.04
2012-02-14,1350.5,12878.2803
2012-02-15,1343.23,12780.9502
2012-02-16,1358.04,12904.0801
2012-02-17,1361.23,12949.8701
2012-02-21,1362.21,12965.6904
2012-02-22,1357.66,12938.6699
2012-02-23,1363.46,12984.6904
2012-02-24,1365.74,12982.9502
2012-02-27,1367.59,12981.5098
2012-02-28,1372.1801,13005.1201
2012-02-29,1365.6801,12952.0703
2012-03-01,1374.09,12980.2998
2012-03-02,1369.63,12977.5703
2012-03-05,1364.33,12962.8096
2012-03-06,1343.36,12759.1504
2012-03-07,1352.63,12837.3301
2012-03-08,1365.91,12907.9404
2012-03-09,1370.87,12922.0195
2012-03-12,1371.09,12959.71
2012-03-13,1395.95,13177.6797
2012-03-14,1394.28,13194.0996
2012-03-15,1402.6,13252.7598
2012-03-16,1404.17,13232.6201
2012-03-19,1409.75,13239.1299
2012-03-20,1405.52,13170.1904
2012-03-21,1402.89,13124.6201
2012-03-22,1392.78,13046.1396
2012-03-23,1397.11,13080.7305
2012-03-26,1416.51,13241.6299
2012-03-27,1412.52,13197.7305
2012-03-28,1405.54,13126.21
2012-03-29,1403.28,13145.8203
2012-03-30,1408.47,13212.04
2012-04-02,1419.04,13264.4902
2012-04-03,1413.38,13199.5498
2012-04-04,1398.96,13074.75
2012-04-05,1398.08,13060.1396
2012-04-09,1382.2,12929.5898
2012-04-10,1358.59,12715.9297
2012-04-11,1368.71,12805.3896
2012-04-12,1387.5699,12986.5801
2012-04-13,1370.26,12849.5898
2012-04-16,1369.5699,12921.4102
2012-04-17,1390.78,13115.54
2012-04-18,1385.14,13032.75
2012-04-19,1376.92,12964.0996
2012-04-20,1378.53,13029.2598
2012-04-23,1366.9399,12927.1699
2012-04-24,1371.97,13001.5596
2012-04-25,1390.6899,13090.7197
2012-04-26,1399.98,13204.6201
2012-04-27,1403.36,13228.3096
2012-04-30,1397.91,13213.6299
2012-05-01,1405.8199,13279.3203
2012-05-02,1402.3101,13268.5703
2012-05-03,1391.5699,13206.5898
2012-05-04,1369.1,13038.2695
2012-05-07,1369.58,13008.5303
2012-05-08,1363.72,12932.0898
2012-05-09,1354.58,12835.0596
2012-05-10,1357.99,12855.04
2012-05-11,1353.39,12820.5996
2012-05-14,1338.35,12695.3496
2012-05-15,1330.66,12632.0
2012-05-16,1324.8,12598.5498
2012-05-17,1304.86,12442.4902
2012-05-18,1295.22,12369.3799
2012-05-21,1315.99,12504.4805
2012-05-22,1316.63,12502.8096
2012-05-23,1318.86,12496.1504
2012-05-24,1320.6801,12529.75
2012-05-25,1317.8199,12454.8301
2012-05-29,1332.42,12580.6904
2012-05-30,1313.3199,12419.8604
2012-05-31,1310.33,12393.4502
2012-06-01,1278.04,12118.5703
2012-06-04,1278.1801,12101.46
2012-06-05,1285.5,12127.9502
2012-06-06,1315.13,12414.79
2012-06-07,1314.99,12460.96
2012-06-08,1325.66,12554.2002
2012-06-11,1308.9301,12411.2305
2012-06-12,1324.1801,12573.7998
2012-06-13,1314.88,12496.3799
2012-06-14,1329.1,12651.9102
2012-06-15,1342.84,12767.1699
2012-06-18,1344.78,12741.8203
2012-06-19,1357.98,12837.3301
2012-06-20,1355.6899,12824.3896
2012-06-21,1325.51,12573.5703
2012-06-22,1335.02,12640.7803
2012-06-25,1313.72,12502.6602
2012-06-26,1319.99,12534.6699
2012-06-27,1331.85,12627.0098
2012-06-28,1329.04,12602.2598
2012-06-29,1362.16,12880.0898
2012-07-02,1365.51,12871.3896
2012-07-03,1374.02,12943.6602
2012-07-05,1367.58,12896.6699
2012-07-06,1354.6801,12772.4697
2012-07-09,1352.46,12736.29
2012-07-10,1341.47,12653.1201
2012-07-11,1341.45,12604.5303
2012-07-12,1334.76,12573.2695
2012-07-13,1356.78,12777.0898
2012-07-16,1353.64,12727.21
2012-07-17,1363.67,12805.54
2012-07-18,1372.78,12908.7002
2012-07-19,1376.51,12943.3604
2012-07-20,1362.66,12822.5703
2012-07-23,1350.52,12721.46
2012-07-24,1338.3101,12617.3203
2012-07-25,1337.89,12676.0498
2012-07-26,1360.02,12887.9297
2012-07-27,1385.97,13075.6602
2012-07-30,1385.3,13073.0098
2012-07-31,1379.3199,13008.6797
2012-08-01,1375.3199,12976.1299
2012-08-02,1365.0,12878.8799
2012-08-03,1390.99,13096.1699
2012-08-06,1394.23,13117.5098
2012-08-07,1401.35,13168.5996
2012-08-08,1402.22,13175.6396
2012-08-09,1402.8,13165.1904
2012-08-10,1405.87,13207.9502
2012-08-13,1404.11,13169.4297
2012-08-14,1403.9301,13172.1396
2012-08-15,1405.53,13164.7803
2012-08-16,1415.51,13250.1104
2012-08-17,1418.16,13275.2002
2012-08-20,1418.13,13271.6396
2012-08-21,1413.17,13203.5801
2012-08-22,1413.49,13172.7598
2012-08-23,1402.08,13057.46
2012-08-24,1411.13,13157.9697
2012-08-27,1410.4399,13124.6699
2012-08-28,1409.3,13102.9902
2012-08-29,1410.49,13107.4805
2012-08-30,1399.48,13000.71
2012-08-31,1406.58,13090.8398
2012-09-04,1404.9399,13035.9404
2012-09-05,1403.4399,13047.4805
2012-09-06,1432.12,13292.0
2012-09-07,1437.92,13306.6396
2012-09-10,1429.08,13254.29
2012-09-11,1433.5601,13323.3604
2012-09-12,1436.5601,13333.3496
2012-09-13,1459.99,13539.8604
2012-09-14,1465.77,13593.3701
2012-09-17,1461.1899,13553.0996
2012-09-18,1459.3199,13564.6396
2012-09-19,1461.05,13577.96
2012-09-20,1460.26,13596.9297
2012-09-21,1460.15,13579.4697
2012-09-24,1456.89,13558.9199
2012-09-25,1441.59,13457.5498
2012-09-26,1433.3199,13413.5098
2012-09-27,1447.15,13485.9697
2012-09-28,1440.67,13437.1299
2012-10-01,1444.49,13515.1104
2012-10-02,1445.75,13482.3604
2012-10-03,1450.99,13494.6104
2012-10-04,1461.4,13575.3604
2012-10-05,1460.9301,13610.1504
2012-10-08,1455.88,13583.6504
2012-10-09,1441.48,13473.5303
2012-10-10,1432.5601,13344.9697
2012-10-11,1432.84,13326.3896
2012-10-12,1428.59,13328.8496
2012-10-15,1440.13,13424.2305
2012-10-16,1454.92,13551.7803
2012-10-17,1460.91,13557.0
2012-10-18,1457.34,13548.9404
2012-10-19,1433.1899,13343.5098
2012-10-22,1433.8199,13345.8896
2012-10-23,1413.11,13102.5303
2012-10-24,1408.75,13077.3398
2012-10-25,1412.97,13103.6797
2012-10-26,1411.9399,13107.21
2012-10-31,1412.16,13096.46
2012-11-01,1427.59,13232.6201
2012-11-02,1414.2,13093.1602
2012-11-05,1417.26,13112.4404
2012-11-06,1428.39,13245.6797
2012-11-07,1394.53,12932.7305
2012-11-08,1377.51,12811.3203
2012-11-09,1379.85,12815.3896
2012-11-12,1380.03,12815.0801
2012-11-13,1374.53,12756.1797
2012-11-14,1355.49,12570.9502
2012-11-15,1353.33,12542.3799
2012-11-16,1359.88,12588.3096
2012-11-19,1386.89,12795.96
2012-11-20,1387.8101,12788.5098
2012-11-21,1391.03,12836.8896
2012-11-23,1409.15,13009.5303
2012-11-26,1406.29,12967.3701
2012-11-27,1398.9399,12878.1299
2012-11-28,1409.9301,12985.1104
2012-11-29,1415.95,13021.8203
2012-11-30,1416.1801,13025.5801
2012-12-03,1409.46,12965.5996
2012-12-04,1407.05,12951.7803
2012-12-05,1409.28,13034.4902
2012-12-06,1413.9399,13074.04
2012-12-07,1418.0699,13155.1299
2012-12-10,1418.55,13169.8799
2012-12-11,1427.84,13248.4404
2012-12-12,1428.48,13245.4502
2012-12-13,1419.45,13170.7197
2012-12-14,1413.58,13135.0098
2012-12-17,1430.36,13235.3896
2012-12-18,1446.79,13350.96
2012-12-19,1435.8101,13251.9697
2012-12-20,1443.6899,13311.7197
2012-12-21,1430.15,13190.8398
2012-12-24,1426.66,13138.9297
2012-12-26,1419.83,13114.5898
2012-12-27,1418.1,13096.3096
2012-12-28,1402.4301,12938.1104
2012-12-31,1426.1899,13104.1396
2013-01-02,1462.42,13412.5498
2013-01-03,1459.37,13391.3604
2013-01-04,1466.47,13435.21
2013-01-07,1461.89,13384.29
2013-01-08,1457.15,13328.8496
2013-01-09,1461.02,13390.5098
2013-01-10,1472.12,13471.2197
2013-01-11,1472.05,13488.4297
2013-01-14,1470.6801,13507.3203
2013-01-15,1472.34,13534.8896
2013-01-16,1472.63,13511.2305
2013-01-17,1480.9399,13596.0195
2013-01-18,1485.98,13649.7002
2013-01-22,1492.5601,13712.21
2013-01-23,1494.8101,13779.3301
2013-01-24,1494.8199,13825.3301
2013-01-25,1502.96,13895.9805
2013-01-28,1500.1801,13881.9297
2013-01-29,1507.84,13954.4199
2013-01-30,1501.96,13910.4199
2013-01-31,1498.11,13860.5801
2013-02-01,1513.17,14009.79
2013-02-04,1495.71,13880.0801
2013-02-05,1511.29,13979.2998
2013-02-06,1512.12,13986.5195
2013-02-07,1509.39,13944.0498
2013-02-08,1517.9301,13992.9697
2013-02-11,1517.01,13971.2402
2013-02-12,1519.4301,14018.7002
2013-02-13,1520.33,13982.9102
2013-02-14,1521.38,13973.3896
2013-02-15,1519.79,13981.7598
2013-02-19,1530.9399,14035.6699
2013-02-20,1511.95,13927.54
2013-02-21,1502.42,13880.6201
2013-02-22,1515.6,14000.5703
2013-02-25,1487.85,13784.1699
2013-02-26,1496.9399,13900.1299
2013-02-27,1515.99,14075.3701
2013-02-28,1514.6801,14054.4902
2013-03-01,1518.2,14089.6602
2013-03-04,1525.2,14127.8203
2013-03-05,1539.79,14253.7695
2013-03-06,1541.46,14296.2402
2013-03-07,1544.26,14329.4902
2013-03-08,1551.1801,14397.0703
2013-03-11,1556.22,14447.29
2013-03-12,1552.48,14450.0596
2013-03-13,1554.52,14455.2803
2013-03-14,1563.23,14539.1396
2013-03-15,1560.7,14514.1104
2013-03-18,1552.1,14452.0596
2013-03-19,1548.34,14455.8203
2013-03-20,1558.71,14511.7305
2013-03-21,1545.8,14421.4902
2013-03-22,1556.89,14512.0303
2013-03-25,1551.6899,14447.75
2013-03-26,1563.77,14559.6504
2013-03-27,1562.85,14526.1602
2013-03-28,1569.1899,14578.54
2013-04-01,1562.17,14572.8496
2013-04-02,1570.25,14662.0098
2013-04-03,1553.6899,14550.3496
2013-04-04,1559.98,14606.1104
2013-04-05,1553.28,14565.25
2013-04-08,1563.0699,14613.4805
2013-04-09,1568.61,14673.46
2013-04-10,1587.73,14802.2402
2013-04-11,1593.37,14865.1396
2013-04-12,1588.85,14865.0596
2013-04-15,1552.36,14599.2002
2013-04-16,1574.5699,14756.7803
2013-04-17,1552.01,14618.5898
2013-04-18,1541.61,14537.1396
2013-04-19,1555.25,14547.5098
2013-04-22,1562.5,14567.1699
2013-04-23,1578.78,14719.46
2013-04-24,1578.79,14676.2998
2013-04-25,1585.16,14700.7998
2013-04-26,1582.24,14712.5498
2013-04-29,1593.61,14818.75
2013-04-30,1597.5699,14839.7998
2013-05-01,1582.7,14700.9502
2013-05-02,1597.59,14831.5801
2013-05-03,1614.42,14973.96
2013-05-06,1617.5,14968.8896
2013-05-07,1625.96,15056.2002
2013-05-08,1632.6899,15105.1201
2013-05-09,1626.67,15082.6201
2013-05-10,1633.7,15118.4902
2013-05-13,1633.77,15091.6797
2013-05-14,1650.34,15215.25
2013-05-15,1658.78,15275.6904
2013-05-16,1650.47,15233.2197
2013-05-17,1667.47,15354.4004
2013-05-20,1666.29,15335.2803
2013-05-21,1669.16,15387.5801
2013-05-22,1655.35,15307.1699
2013-05-23,1650.51,15294.5
2013-05-24,1649.6,15303.0996
2013-05-28,1660.0601,15409.3896
2013-05-29,1648.36,15302.7998
2013-05-30,1654.41,15324.5303
2013-05-31,1630.74,15115.5703
2013-06-03,1640.42,15254.0303
2013-06-04,1631.38,15177.54
2013-06-05,1608.9,14960.5898
2013-06-06,1622.5601,15040.6201
2013-06-07,1643.38,15248.1201
2013-06-10,1642.8101,15238.5898
2013-06-11,1626.13,15122.0195
2013-06-12,1612.52,14995.2305
2013-06-13,1636.36,15176.0801
2013-06-14,1626.73,15070.1797
2013-06-17,1639.04,15179.8496
2013-06-18,1651.8101,15318.2305
2013-06-19,1628.9301,15112.1904
2013-06-20,1588.1899,14758.3203
2013-06-21,1592.4301,14799.4004
2013-06-24,1573.09,14659.5596
2013-06-25,1588.03,14760.3096
2013-06-26,1603.26,14910.1396
2013-06-27,1613.2,15024.4902
2013-06-28,1606.28,14909.5996
2013-07-01,1614.96,14974.96
2013-07-02,1614.08,14932.4102
2013-07-03,1615.41,14988.3701
2013-07-05,1631.89,15135.8398
2013-07-08,1640.46,15224.6904
2013-07-09,1652.3199,15300.3398
2013-07-10,1652.62,15291.6602
2013-07-11,1675.02,15460.9199
2013-07-12,1680.1899,15464.2998
2013-07-15,1682.5,15484.2598
2013-07-16,1676.26,15451.8496
2013-07-17,1680.91,15470.5195
2013-07-18,1689.37,15548.54
2013-07-19,1692.09,15543.7402
2013-07-22,1695.53,15545.5498
2013-07-23,1692.39,15567.7402
2013-07-24,1685.9399,15542.2402
2013-07-25,1690.25,15555.6104
2013-07-26,1691.65,15558.8301
2013-07-29,1685.33,15521.9697
2013-07-30,1685.96,15520.5898
2013-07-31,1685.73,15499.54
2013-08-01,1706.87,15628.0195
2013-08-02,1709.67,15658.3604
2013-08-05,1707.14,15612.1299
2013-08-06,1697.37,15518.7402
2013-08-07,1690.91,15470.6699
2013-08-08,1697.48,15498.3203
2013-08-09,1691.42,15425.5098
2013-08-12,1689.47,15419.6797
2013-08-13,1694.16,15451.0098
2013-08-14,1685.39,15337.6602
2013-08-15,1661.3199,15112.1904
2013-08-16,1655.83,15081.4697
2013-08-19,1646.0601,15010.7402
2013-08-20,1652.35,15002.9902
2013-08-21,1642.8,14897.5498
2013-08-22,1656.96,14963.7402
2013-08-23,1663.5,15010.5098
2013-08-26,1656.78,14946.46
2013-08-27,1630.48,14776.1299
2013-08-28,1634.96,14824.5098
2013-08-29,1638.17,14840.9502
2013-08-30,1632.97,14810.3096
2013-09-03,1639.77,14833.96
2013-09-04,1653.08,14930.8701
2013-09-05,1655.08,14937.4805
2013-09-06,1655.17,14922.5
2013-09-09,1671.71,15063.1201
2013-09-10,1683.99,15191.0596
2013-09-11,1689.13,15326.5996
2013-09-12,1683.42,15300.6396
2013-09-13,1687.99,15376.0596
2013-09-16,1697.6,15494.7803
2013-09-17,1704.76,15529.7305
2013-09-18,1725.52,15676.9404
2013-09-19,1722.34,15636.5498
2013-09-20,1709.91,15451.0898
2013-09-23,1701.84,15401.3799
2013-09-24,1697.42,15334.5898
2013-09-25,1692.77,15273.2598
2013-09-26,1698.67,15328.2998
2013-09-27,1691.75,15258.2402
2013-09-30,1681.55,15129.6699
2013-10-01,1695.0,15191.7002
2013-10-02,1693.87,15133.1396
2013-10-03,1678.66,14996.4805
2013-10-04,1690.5,15072.5801
2013-10-07,1676.12,14936.2402
2013-10-08,1655.45,14776.5303
2013-10-09,1656.4,14802.9805
2013-10-10,1692.5601,15126.0703
2013-10-11,1703.2,15237.1104
2013-10-14,1710.14,15301.2598
2013-10-15,1698.0601,15168.0098
2013-10-16,1721.54,15373.8301
2013-10-17,1733.15,15371.6504
2013-10-18,1744.5,15399.6504
2013-10-21,1744.66,15392.2002
2013-10-22,1754.67,15467.6602
2013-10-23,1746.38,15413.3301
2013-10-24,1752.0699,15509.21
2013-10-25,1759.77,15570.2803
2013-10-28,1762.11,15568.9297
2013-10-29,1771.95,15680.3496
2013-10-30,1763.3101,15618.7598
2013-10-31,1756.54,15545.75
2013-11-01,1761.64,15615.5498
2013-11-04,1767.9301,15639.1201
2013-11-05,1762.97,15618.2197
2013-11-06,1770.49,15746.8799
2013-11-07,1747.15,15593.9805
2013-11-08,1770.61,15761.7803
2013-11-11,1771.89,15783.0996
2013-11-12,1767.6899,15750.6699
2013-11-13,1782.0,15821.6299
2013-11-14,1790.62,15876.2197
2013-11-15,1798.1801,15961.7002
2013-11-18,1791.53,15976.0195
2013-11-19,1787.87,15967.0303
2013-11-20,1781.37,15900.8203
2013-11-21,1795.85,16009.9902
2013-11-22,1804.76,16064.7695
2013-11-25,1802.48,16072.54
2013-11-26,1802.75,16072.7998
2013-11-27,1807.23,16097.3301
2013-11-29,1805.8101,16086.4102
2013-12-02,1800.9,16008.7695
2013-12-03,1795.15,15914.6201
2013-12-04,1792.8101,15889.7695
2013-12-05,1785.03,15821.5098
2013-12-06,1805.09,16020.2002
2013-12-09,1808.37,16025.5303
2013-12-10,1802.62,15973.1299
2013-12-11,1782.22,15843.5303
2013-12-12,1775.5,15739.4297
2013-12-13,1775.3199,15755.3604
2013-12-16,1786.54,15884.5703
2013-12-17,1781.0,15875.2598
2013-12-18,1810.65,16167.9697
2013-12-19,1809.6,16179.0801
2013-12-20,1818.3199,16221.1396
2013-12-23,1827.99,16294.6104
2013-12-24,1833.3199,16357.5498
2013-12-26,1842.02,16479.8809
2013-12-27,1841.4,16478.4102
2013-12-30,1841.0699,16504.2891
2013-12-31,1848.36,16576.6602
2014-01-02,1831.98,16441.3496
2014-01-03,1831.37,16469.9902
2014-01-06,1826.77,16425.0996
2014-01-07,1837.88,16530.9395
2014-01-08,1837.49,16462.7402
2014-01-09,1838.13,16444.7598
2014-01-10,1842.37,16437.0508
2014-01-13,1819.2,16257.9404
2014-01-14,1838.88,16373.8604
2014-01-15,1848.38,16481.9395
2014-01-16,1845.89,16417.0098
2014-01-17,1838.7,16458.5605
2014-01-21,1843.8,16414.4395
2014-01-22,1844.86,16373.3398
2014-01-23,1828.46,16197.3496
2014-01-24,1790.29,15879.1104
2014-01-27,1781.5601,15837.8799
2014-01-28,1792.5,15928.5596
2014-01-29,1774.2,15738.79
2014-01-30,1794.1899,15848.6104
2014-01-31,1782.59,15698.8496
2014-02-03,1741.89,15372.7998
2014-02-04,1755.2,15445.2402
2014-02-05,1751.64,15440.2305
2014-02-06,1773.4301,15628.5303
2014-02-07,1797.02,15794.0801
2014-02-10,1799.84,15801.79
2014-02-11,1819.75,15994.7695
2014-02-12,1819.26,15963.9404
2014-02-13,1829.83,16027.5898
2014-02-14,1838.63,16154.3896
2014-02-18,1840.76,16130.4004
2014-02-19,1828.75,16040.5596
2014-02-20,1839.78,16133.2305
2014-02-21,1836.25,16103.2998
2014-02-24,1847.61,16207.1396
2014-02-25,1845.12,16179.6602
2014-02-26,1845.16,16198.4102
2014-02-27,1854.29,16272.6504
2014-02-28,1859.45,16321.71
2014-03-03,1845.73,16168.0303
2014-03-04,1873.91,16395.8809
2014-03-05,1873.8101,16360.1797
2014-03-06,1877.03,16421.8906
2014-03-07,1878.04,16452.7207
2014-03-10,1877.17,16418.6797
2014-03-11,1867.63,16351.25
2014-03-12,1868.2,16340.0801
2014-03-13,1846.34,16108.8896
2014-03-14,1841.13,16065.6699
2014-03-17,1858.83,16247.2197
2014-03-18,1872.25,16336.1904
2014-03-19,1860.77,16222.1699
2014-03-20,1872.01,16331.0498
2014-03-21,1866.52,16302.7695
2014-03-24,1857.4399,16276.6904
2014-03-25,1865.62,16367.8799
2014-03-26,1852.5601,16268.9902
2014-03-27,1849.04,16264.2305
2014-03-28,1857.62,16323.0596
2014-03-31,1872.34,16457.6602
2014-04-01,1885.52,16532.6094
2014-04-02,1890.9,16573.0
2014-04-03,1888.77,16572.5508
2014-04-04,1865.09,16412.7109
2014-04-07,1845.04,16245.8701
2014-04-08,1851.96,16256.1396
2014-04-09,1872.1801,16437.1797
2014-04-10,1833.08,16170.2197
2014-04-11,1815.6899,16026.75
2014-04-14,1830.61,16173.2402
2014-04-15,1842.98,16262.5596
2014-04-16,1862.3101,16424.8496
2014-04-17,1864.85,16408.5391
2014-04-21,1871.89,16449.25
2014-04-22,1879.55,16514.3691
2014-04-23,1875.39,16501.6504
2014-04-24,1878.61,16501.6504
2014-04-25,1863.4,16361.46
2014-04-28,1869.4301,16448.7402
2014-04-29,1878.33,16535.3691
2014-04-30,1883.95,16580.8398
2014-05-01,1883.6801,16558.8691
2014-05-02,1881.14,16512.8906
2014-05-05,1884.66,16530.5508
2014-05-06,1867.72,16401.0195
2014-05-07,1878.21,16518.5391
2014-05-08,1875.63,16550.9707
2014-05-09,1878.48,16583.3398
2014-05-12,1896.65,16695.4707
2014-05-13,1897.45,16715.4395
2014-05-14,1888.53,16613.9707
2014-05-15,1870.85,16446.8105
2014-05-16,1877.86,16491.3105
2014-05-19,1885.08,16511.8594
2014-05-20,1872.83,16374.3096
2014-05-21,1888.03,16533.0605
2014-05-22,1892.49,16543.0801
2014-05-23,1900.53,16606.2695
2014-05-27,1911.91,16675.5
2014-05-28,1909.78,16633.1797
2014-05-29,1920.03,16698.7402
2014-05-30,1923.5699,16717.1699
2014-06-02,1924.97,16743.6309
2014-06-03,1924.24,16722.3398
2014-06-04,1927.88,16737.5293
2014-06-05,1940.46,16836.1094
2014-06-06,1949.4399,16924.2793
2014-06-09,1951.27,16943.0996
2014-06-10,1950.79,16945.9199
2014-06-11,1943.89,16843.8809
2014-06-12,1930.11,16734.1895
2014-06-13,1936.16,16775.7402
2014-06-16,1937.78,16781.0098
2014-06-17,1941.99,16808.4902
2014-06-18,1956.98,16906.6191
2014-06-19,1959.48,16921.4609
2014-06-20,1962.87,16947.0801
2014-06-23,1962.61,16937.2598
2014-06-24,1949.98,16818.1309
2014-06-25,1959.53,16867.5098
2014-06-26,1957.22,16846.1309
2014-06-27,1960.96,16851.8398
2014-06-30,1960.23,16826.5996
2014-07-01,1973.3199,16956.0703
2014-07-02,1974.62,16976.2402
2014-07-03,1985.4399,17068.2598
2014-07-07,1977.65,17024.2109
2014-07-08,1963.71,16906.6191
2014-07-09,1972.83,16985.6094
2014-07-10,1964.6801,16915.0703
2014-07-11,1967.5699,16943.8105
2014-07-14,1977.1,17055.4199
2014-07-15,1973.28,17060.6797
2014-07-16,1981.5699,17138.1992
2014-07-17,1958.12,16976.8105
2014-07-18,1978.22,17100.1797
2014-07-21,1973.63,17051.7305
2014-07-22,1983.53,17113.5391
2014-07-23,1987.01,17086.6309
2014-07-24,1987.98,17083.8008
2014-07-25,1978.34,16960.5703
2014-07-28,1978.91,16982.5898
2014-07-29,1969.95,16912.1094
2014-07-30,1970.0699,16880.3594
2014-07-31,1930.67,16563.3008
2014-08-01,1925.15,16493.3691
2014-08-04,1938.99,16569.2793
2014-08-05,1920.21,16429.4707
2014-08-06,1920.24,16443.3398
2014-08-07,1909.5699,16368.2695
2014-08-08,1931.59,16553.9297
2014-08-11,1936.92,16569.9805
2014-08-12,1933.75,16560.5391
2014-08-13,1946.72,16651.8008
2014-08-14,1955.1801,16713.5801
2014-08-15,1955.0601,16662.9102
2014-08-18,1971.74,16838.7402
2014-08-19,1981.6,16919.5898
2014-08-20,1986.51,16979.1309
2014-08-21,1992.37,17039.4902
2014-08-22,1988.4,17001.2207
2014-08-25,1997.92,17076.8691
2014-08-26,2000.02,17106.6992
2014-08-27,2000.12,17122.0098
2014-08-28,1996.74,17079.5703
2014-08-29,2003.37,17098.4492
2014-09-02,2002.28,17067.5605
2014-09-03,2000.72,17078.2793
2014-09-04,1997.65,17069.5801
2014-09-05,2007.71,17137.3594
2014-09-08,2001.54,17111.4199
2014-09-09,1988.4399,17013.8691
2014-09-10,1995.6899,17068.7109
2014-09-11,1997.45,17049.0
2014-09-12,1985.54,16987.5098
2014-09-15,1984.13,17031.1406
2014-09-16,1998.98,17131.9707
2014-09-17,2001.5699,17156.8496
2014-09-18,2011.36,17265.9902
2014-09-19,2010.4,17279.7402
2014-09-22,1994.29,17172.6797
2014-09-23,1982.77,17055.8691
2014-09-24,1998.3,17210.0605
2014-09-25,1965.99,16945.8008
2014-09-26,1982.85,17113.1504
2014-09-29,1977.8,17071.2207
2014-09-30,1972.29,17042.9004
2014-10-01,1946.16,16804.7109
2014-10-02,1946.17,16801.0508
2014-10-03,1967.9,17009.6895
2014-10-06,1964.8199,16991.9102
2014-10-07,1935.1,16719.3906
2014-10-08,1968.89,16994.2207
2014-10-09,1928.21,16659.25
2014-10-10,1906.13,16544.0996
2014-10-13,1874.74,16321.0703
2014-10-14,1877.7,16315.1904
2014-10-15,1862.49,16141.7402
2014-10-16,1862.76,16117.2402
2014-10-17,1886.76,16380.4102
2014-10-20,1904.01,16399.6699
2014-10-21,1941.28,16614.8105
2014-10-22,1927.11,16461.3203
2014-10-23,1950.8199,16677.9004
2014-10-24,1964.58,16805.4102
2014-10-27,1961.63,16817.9395
2014-10-28,1985.05,17005.75
2014-10-29,1982.3,16974.3105
2014-10-30,1994.65,17195.4199
2014-10-31,2018.05,17390.5195
2014-11-03,2017.8101,17366.2402
2014-11-04,2012.1,17383.8398
2014-11-05,2023.5699,17484.5293
2014-11-06,2031.21,17554.4707
2014-11-07,2031.92,17573.9297
2014-11-10,2038.26,17613.7402
2014-11-11,2039.6801,17614.9004
2014-11-12,2038.25,17612.1992
2014-11-13,2039.33,17652.7891
2014-11-14,2039.8199,17634.7402
2014-11-17,2041.3199,17647.75
2014-11-18,2051.8,17687.8203
2014-11-19,2048.72,17685.7305
2014-11-20,2052.75,17719.0
2014-11-21,2063.5,17810.0605
2014-11-24,2069.4099,17817.9004
2014-11-25,2067.03,17814.9395
2014-11-26,2072.8301,17827.75
2014-11-28,2067.5601,17828.2402
2014-12-01,2053.4399,17776.8008
2014-12-02,2066.55,17879.5508
2014-12-03,2074.3301,17912.6191
2014-12-04,2071.9199,17900.0996
2014-12-05,2075.3701,17958.7891
2014-12-08,2060.3101,17852.4805
2014-12-09,2059.8201,17801.1992
2014-12-10,2026.14,17533.1504
2014-12-11,2035.33,17596.3398
2014-12-12,2002.33,17280.8301
2014-12-15,1989.63,17180.8398
2014-12-16,1972.74,17068.8691
2014-12-17,2012.89,17356.8691
2014-12-18,2061.23,17778.1504
2014-12-19,2070.6499,17804.8008
2014-12-22,2078.54,17959.4395
2014-12-23,2082.1699,18024.1699
2014-12-24,2081.8799,18030.2109
2014-12-26,2088.77,18053.7109
2014-12-29,2090.5701,18038.2305
2014-12-30,2080.3501,17983.0703
2014-12-31,2058.8999,17823.0703
2015-01-02,2058.2,17832.9902
2015-01-05,2020.58,17501.6504
2015-01-06,2002.61,17371.6406
2015-01-07,2025.9,17584.5195
2015-01-08,2062.1399,17907.8691
2015-01-09,2044.8101,17737.3691
2015-01-12,2028.26,17640.8398
2015-01-13,2023.03,17613.6797
2015-01-14,2011.27,17427.0898
2015-01-15,1992.67,17320.7109
2015-01-16,2019.42,17511.5703
2015-01-20,2022.55,17515.2305
2015-01-21,2032.12,17554.2793
2015-01-22,2063.1499,17813.9805
2015-01-23,2051.8201,17672.5996
2015-01-26,2057.0901,17678.6992
2015-01-27,2029.55,17387.2109
2015-01-28,2002.16,17191.3691
2015-01-29,2021.25,17416.8496
2015-01-30,1994.99,17164.9492
2015-02-02,2020.85,17361.0391
2015-02-03,2050.03,17666.4004
2015-02-04,2041.51,17673.0195
2015-02-05,2062.52,17884.8809
2015-02-06,2055.47,17824.2891
2015-02-09,2046.74,17729.2109
2015-02-10,2068.5901,17868.7598
2015-02-11,2068.53,17862.1406
2015-02-12,2088.48,17972.3809
2015-02-13,2096.99,18019.3496
2015-02-17,2100.3401,18047.5801
2015-02-18,2099.6799,18029.8496
2015-02-19,2097.45,17985.7695
2015-02-20,2110.3,18140.4395
2015-02-23,2109.6599,18116.8398
2015-02-24,2115.48,18209.1895
2015-02-25,2113.8601,18224.5703
2015-02-26,2110.74,18214.4199
2015-02-27,2104.5,18132.6992
2015-03-02,2117.3899,18288.6309
2015-03-03,2107.78,18203.3691
2015-03-04,2098.53,18096.9004
2015-03-05,2101.04,18135.7207
2015-03-06,2071.26,17856.7793
2015-03-09,2079.4299,17995.7207
2015-03-10,2044.16,17662.9395
2015-03-11,2040.24,17635.3906
2015-03-12,2065.95,17895.2207
2015-03-13,2053.3999,17749.3105
2015-03-16,2081.1899,17977.4199
2015-03-17,2074.28,17849.0801
2015-03-18,2099.5,18076.1895
2015-03-19,2089.27,17959.0293
2015-03-20,2108.1001,18127.6504
2015-03-23,2104.4199,18116.0391
2015-03-24,2091.5,18011.1406
2015-03-25,2061.05,17718.5391
2015-03-26,2056.1499,17678.2305
2015-03-27,2061.02,17712.6602
2015-03-30,2086.24,17976.3105
2015-03-31,2067.8899,17776.1191
2015-04-01,2059.6899,17698.1797
2015-04-02,2066.96,17763.2402
2015-04-06,2080.6201,17880.8496
2015-04-07,2076.3301,17875.4199
2015-04-08,2081.8999,17902.5098
2015-04-09,2091.1799,17958.7305
2015-04-10,2102.0601,18057.6504
2015-04-13,2092.4299,17977.0391
2015-04-14,2095.8401,18036.6992
2015-04-15,2106.6299,18112.6094
2015-04-16,2104.99,18105.7695
2015-04-17,2081.1799,17826.3008
2015-04-20,2100.3999,18034.9297
2015-04-21,2097.29,17949.5898
2015-04-22,2107.96,18038.2695
2015-04-23,2112.9299,18058.6895
2015-04-24,2117.6899,18080.1406
2015-04-27,2108.9199,18037.9707
2015-04-28,2114.76,18110.1406
2015-04-29,2106.8501,18035.5293
2015-04-30,2085.51,17840.5195
2015-05-01,2108.29,18024.0605
2015-05-04,2114.49,18070.4004
2015-05-05,2089.46,17928.1992
2015-05-06,2080.1499,17841.9805
2015-05-07,2088.0,17924.0605
2015-05-08,2116.1001,18191.1094
2015-05-11,2105.3301,18105.1699
2015-05-12,2099.1201,18068.2305
2015-05-13,2098.48,18060.4902
2015-05-14,2121.1001,18252.2402
2015-05-15,2122.73,18272.5605
2015-05-18,2129.2,18298.8809
2015-05-19,2127.8301,18312.3906
2015-05-20,2125.8501,18285.4004
2015-05-21,2130.8201,18285.7402
2015-05-22,2126.0601,18232.0195
2015-05-26,2104.2,18041.5391
2015-05-27,2123.48,18162.9902
2015-05-28,2120.79,18126.1191
2015-05-29,2107.3899,18010.6797
2015-06-01,2111.73,18040.3691
2015-06-02,2109.6001,18011.9395
2015-06-03,2114.0701,18076.2695
2015-06-04,2095.8401,17905.5801
2015-06-05,2092.8301,17849.4609
2015-06-08,2079.28,17766.5508
2015-06-09,2080.1499,17764.0391
2015-06-10,2105.2,18000.4004
2015-06-11,2108.8601,18039.3691
2015-06-12,2094.1101,17898.8398
2015-06-15,2084.4299,17791.1699
2015-06-16,2096.29,17904.4805
2015-06-17,2100.4399,17935.7402
2015-06-18,2121.24,18115.8398
2015-06-19,2109.99,18015.9492
2015-06-22,2122.8501,18119.7793
2015-06-23,2124.2,18144.0703
2015-06-24,2108.5801,17966.0703
2015-06-25,2102.3101,17890.3594
2015-06-26,2101.49,17946.6797
2015-06-29,2057.6399,17596.3496
2015-06-30,2063.1101,17619.5098
2015-07-01,2077.4199,17757.9102
2015-07-02,2076.78,17730.1094
2015-07-06,2068.76,17683.5801
2015-07-07,2081.3401,17776.9102
2015-07-08,2046.6801,17515.4199
2015-07-09,2051.3101,17548.6191
2015-07-10,2076.6201,17760.4102
2015-07-13,2099.6001,17977.6797
2015-07-14,2108.95,18053.5801
2015-07-15,2107.3999,18050.1699
2015-07-16,2124.29,18120.25
2015-07-17,2126.6399,18086.4492
2015-07-20,2128.28,18100.4102
2015-07-21,2119.21,17919.2891
2015-07-22,2114.1499,17851.0391
2015-07-23,2102.1499,17731.9199
2015-07-24,2079.6499,17568.5293
2015-07-27,2067.6399,17440.5898
2015-07-28,2093.25,17630.2695
2015-07-29,2108.5701,17751.3906
2015-07-30,2108.6299,17745.9805
2015-07-31,2103.8401,17689.8594
2015-08-03,2098.04,17598.1992
2015-08-04,2093.3201,17550.6895
2015-08-05,2099.8401,17540.4707
2015-08-06,2083.5601,17419.75
2015-08-07,2077.5701,17373.3809
2015-08-10,2104.1799,17615.1699
2015-08-11,2084.0701,17402.8398
2015-08-12,2086.05,17402.5098
2015-08-13,2083.3899,17408.25
2015-08-14,2091.54,17477.4004
2015-08-17,2102.4399,17545.1797
2015-08-18,2096.9199,17511.3398
2015-08-19,2079.6101,17348.7305
2015-08-20,2035.73,16990.6895
2015-08-21,1970.89,16459.75
2015-08-24,1893.21,15871.3496
2015-08-25,1867.61,15666.4404
2015-08-26,1940.51,16285.5098
2015-08-27,1987.66,16654.7695
2015-08-28,1988.87,16643.0098
2015-08-31,1972.1801,16528.03
2015-09-01,1913.85,16058.3496
2015-09-02,1948.86,16351.3799
2015-09-03,1951.13,16374.7598
2015-09-04,1921.22,16102.3799
2015-09-08,1969.41,16492.6797
2015-09-09,1942.04,16253.5703
2015-09-10,1952.29,16330.4004
2015-09-11,1961.05,16433.0898
2015-09-14,1953.03,16370.96
2015-09-15,1978.09,16599.8496
2015-09-16,1995.3101,16739.9492
2015-09-17,1990.2,16674.7402
2015-09-18,1958.03,16384.5801
2015-09-21,1966.97,16510.1895
2015-09-22,1942.74,16330.4697
2015-09-23,1938.76,16279.8896
2015-09-24,1932.24,16201.3203
2015-09-25,1931.34,16314.6699
2015-09-28,1881.77,16001.8896
2015-09-29,1884.09,16049.1299
2015-09-30,1920.03,16284.7002
2015-10-01,1923.8199,16272.0098
2015-10-02,1951.36,16472.3691
2015-10-05,1987.05,16776.4297
2015-10-06,1979.92,16790.1895
2015-10-07,1995.83,16912.2891
2015-10-08,2013.4301,17050.75
2015-10-09,2014.89,17084.4902
2015-10-12,2017.46,17131.8594
2015-10-13,2003.6899,17081.8906
2015-10-14,1994.24,16924.75
2015-10-15,2023.86,17141.75
2015-10-16,2033.11,17215.9707
2015-10-19,2033.66,17230.5391
2015-10-20,2030.77,17217.1094
2015-10-21,2018.9399,17168.6094
2015-10-22,2052.51,17489.1602
2015-10-23,2075.1499,17646.6992
2015-10-26,2071.1799,17623.0508
2015-10-27,2065.8899,17581.4297
2015-10-28,2090.3501,17779.5195
2015-10-29,2089.4099,17755.8008
2015-10-30,2079.3601,17663.5391
2015-11-02,2104.05,17828.7598
2015-11-03,2109.79,17918.1504
2015-11-04,2102.3101,17867.5801
2015-11-05,2099.9299,17863.4297
2015-11-06,2099.2,17910.3301
2015-11-09,2078.5801,17730.4805
2015-11-10,2081.72,17758.2109
2015-11-11,2075.0,17702.2207
2015-11-12,2045.97,17448.0703
2015-11-13,2023.04,17245.2402
2015-11-16,2053.1899,17483.0098
2015-11-17,2050.4399,17489.5
2015-11-18,2083.5801,17737.1602
2015-11-19,2081.24,17732.75
2015-11-20,2089.1699,17823.8105
2015-11-23,2086.5901,17792.6797
2015-11-24,2089.1399,17812.1895
2015-11-25,2088.8701,17813.3906
2015-11-27,2090.1101,17813.3906
2015-11-30,2080.4099,17719.9199
2015-12-01,2102.6299,17888.3496
2015-12-02,2079.51,17729.6797
2015-12-03,2049.6201,17477.6699
2015-12-04,2091.6899,17847.6309
2015-12-07,2077.0701,17730.5098
2015-12-08,2063.5901,17568.0
2015-12-09,2047.62,17492.3008
2015-12-10,2052.23,17574.75
2015-12-11,2012.37,17265.2109
2015-12-14,2021.9399,17368.5
2015-12-15,2043.41,17524.9102
2015-12-16,2073.0701,17749.0898
2015-12-17,2041.89,17495.8398
2015-12-18,2005.55,17128.5508
2015-12-21,2021.15,17251.6191
2015-12-22,2038.97,17417.2695
2015-12-23,2064.29,17602.6094
2015-12-24,2060.99,17552.1699
2015-12-28,2056.5,17528.2695
2015-12-29,2078.3601,17720.9805
2015-12-30,2063.3601,17603.8691
2015-12-31,2043.9399,17425.0293
2016-01-04,2012.66,17148.9395
2016-01-05,2016.71,17158.6602
2016-01-06,1990.26,16906.5098
2016-01-07,1943.09,16514.0996
2016-01-08,1922.03,16346.4502
2016-01-11,1923.67,16398.5703
2016-01-12,1938.6801,16516.2207
2016-01-13,1890.28,16151.4102
2016-01-14,1921.84,16379.0498
2016-01-15,1880.33,15988.0801
2016-01-19,1881.33,16016.0195
2016-01-20,1859.33,15766.7402
2016-01-21,1868.99,15882.6797
2016-01-22,1906.9,16093.5098
2016-01-25,1877.08,15885.2197
2016-01-26,1903.63,16167.2305
2016-01-27,1882.95,15944.46
2016-01-28,1893.36,16069.6396
2016-01-29,1940.24,16466.3008
2016-02-01,1939.38,16449.1797
2016-02-02,1903.03,16153.54
2016-02-03,1912.53,16336.6602
2016-02-04,1915.45,16416.5801
2016-02-05,1880.05,16204.9697
2016-02-08,1853.4399,16027.0498
2016-02-09,1852.21,16014.3799
2016-02-10,1851.86,15914.7402
2016-02-11,1829.08,15660.1797
2016-02-12,1864.78,15973.8398
2016-02-16,1895.58,16196.4102
2016-02-17,1926.8199,16453.8301
2016-02-18,1917.83,16413.4297
2016-02-19,1917.78,16391.9902
2016-02-22,1945.5,16620.6602
2016-02-23,1921.27,16431.7793
2016-02-24,1929.8,16484.9902
2016-02-25,1951.7,16697.2891
2016-02-26,1948.05,16639.9707
2016-02-29,1932.23,16516.5
2016-03-01,1978.35,16865.0801
2016-03-02,1986.45,16899.3203
2016-03-03,1993.4,16943.9004
2016-03-04,1999.99,17006.7695
2016-03-07,2001.76,17073.9492
2016-03-08,1979.26,16964.0996
2016-03-09,1989.26,17000.3594
2016-03-10,1989.5699,16995.1309
2016-03-11,2022.1899,17213.3105
2016-03-14,2019.64,17229.1309
2016-03-15,2015.9301,17251.5293
2016-03-16,2027.22,17325.7598
2016-03-17,2040.59,17481.4902
2016-03-18,2049.5801,17602.3008
2016-03-21,2051.6001,17623.8691
2016-03-22,2049.8,17582.5703
2016-03-23,2036.71,17502.5898
2016-03-24,2035.9399,17515.7305
2016-03-28,2037.05,17535.3906
2016-03-29,2055.01,17633.1094
2016-03-30,2063.95,17716.6602
2016-03-31,2059.74,17685.0898
2016-04-01,2072.78,17792.75
2016-04-04,2066.1299,17737.0
2016-04-05,2045.17,17603.3203
2016-04-06,2066.6599,17716.0508
2016-04-07,2041.91,17541.9609
2016-04-08,2047.6,17576.9609
2016-04-11,2041.99,17556.4102
2016-04-12,2061.72,17721.25
2016-04-13,2082.4199,17908.2793
2016-04-14,2082.78,17926.4297
2016-04-15,2080.73,17897.4609
2016-04-18,2094.3401,18004.1602
2016-04-19,2100.8,18053.5996
2016-04-20,2102.3999,18096.2695
2016-04-21,2091.48,17982.5195
2016-04-22,2091.5801,18003.75
2016-04-25,2087.79,17977.2402
2016-04-26,2091.7,17990.3203
2016-04-27,2095.1499,18041.5508
2016-04-28,2075.8101,17830.7598
2016-04-29,2065.3,17773.6406
2016-05-02,2081.4299,17891.1602
2016-05-03,2063.3701,17750.9102
2016-05-04,2051.1201,17651.2598
2016-05-05,2050.6299,17660.7109
2016-05-06,2057.1399,17740.6309
2016-05-09,2058.6899,17705.9102
2016-05-10,2084.3899,17928.3496
2016-05-11,2064.46,17711.1191
2016-05-12,2064.1101,17720.5
2016-05-13,2046.61,17535.3203
2016-05-16,2066.6599,17710.7109
2016-05-17,2047.21,17529.9805
2016-05-18,2047.63,17526.6191
2016-05-19,2040.04,17435.4004
2016-05-20,2052.3201,17500.9395
2016-05-23,2048.04,17492.9297
2016-05-24,2076.0601,17706.0508
2016-05-25,2090.54,17851.5098
2016-05-26,2090.1001,17828.2891
2016-05-27,2099.0601,17873.2207
2016-05-31,2096.95,17787.1992
2016-06-01,2099.3301,17789.6699
2016-06-02,2105.26,17838.5605
2016-06-03,2099.1299,17807.0605
2016-06-06,2109.4099,17920.3301
2016-06-07,2112.1299,17938.2793
2016-06-08,2119.1201,18005.0508
2016-06-09,2115.48,17985.1895
2016-06-10,2096.0701,17865.3398
2016-06-13,2079.0601,17732.4805
2016-06-14,2075.3201,17674.8203
2016-06-15,2071.5,17640.1699
2016-06-16,2077.99,17733.0996
2016-06-17,2071.22,17675.1602
2016-06-20,2083.25,17804.8691
2016-06-21,2088.8999,17829.7305
2016-06-22,2085.45,17780.8301
2016-06-23,2113.3201,18011.0703
2016-06-24,2037.41,17400.75
2016-06-27,2000.54,17140.2402
2016-06-28,2036.09,17409.7207
2016-06-29,2070.77,17694.6797
2016-06-30,2098.8601,17929.9902
2016-07-01,2102.95,17949.3691
2016-07-05,2088.55,17840.6191
2016-07-06,2099.73,17918.6191
2016-07-07,2097.8999,17895.8809
2016-07-08,2129.8999,18146.7402
2016-07-11,2137.1599,18226.9297
2016-07-12,2152.1399,18347.6699
2016-07-13,2152.4299,18372.1191
2016-07-14,2163.75,18506.4102
2016-07-15,2161.74,18516.5508
2016-07-18,2166.8899,18533.0508
2016-07-19,2163.78,18559.0098
2016-07-20,2173.02,18595.0293
2016-07-21,2165.1699,18517.2305
2016-07-22,2175.03,18570.8496
2016-07-25,2168.48,18493.0605
2016-07-26,2169.1799,18473.75
2016-07-27,2166.5801,18472.1699
2016-07-28,2170.0601,18456.3496
2016-07-29,2173.6001,18432.2402
2016-08-01,2170.8401,18404.5098
2016-08-02,2157.03,18313.7695
2016-08-03,2163.79,18355.0
2016-08-04,2164.25,18352.0508
2016-08-05,2182.8701,18543.5293
2016-08-08,2180.8899,18529.2891
2016-08-09,2181.74,18533.0508
2016-08-10,2175.49,18495.6602
2016-08-11,2185.79,18613.5195
2016-08-12,2184.05,18576.4707
2016-08-15,2190.1499,18636.0508
2016-08-16,2178.1499,18552.0195
2016-08-17,2182.22,18573.9395
2016-08-18,2187.02,18597.6992
2016-08-19,2183.8701,18552.5703
2016-08-22,2182.6399,18529.4199
2016-08-23,2186.8999,18547.3008
2016-08-24,2175.4399,18481.4805
2016-08-25,2172.47,18448.4102
2016-08-26,2169.04,18395.4004
2016-08-29,2180.3799,18502.9902
2016-08-30,2176.1201,18454.3008
2016-08-31,2170.95,18400.8809
2016-09-01,2170.8601,18419.3008
2016-09-02,2179.98,18491.9609
2016-09-06,2186.48,18538.1191
2016-09-07,2186.1599,18526.1406
2016-09-08,2181.3,18479.9102
2016-09-09,2127.8101,18085.4492
2016-09-12,2159.04,18325.0703
2016-09-13,2127.02,18066.75
2016-09-14,2125.77,18034.7695
2016-09-15,2147.26,18212.4805
2016-09-16,2139.1599,18123.8008
2016-09-19,2139.1201,18120.1699
2016-09-20,2139.76,18129.9609
2016-09-21,2163.1201,18293.6992
2016-09-22,2177.1799,18392.4609
2016-09-23,2164.6899,18261.4492
2016-09-26,2146.1001,18094.8301
2016-09-27,2159.9299,18228.3008
2016-09-28,2171.3701,18339.2402
2016-09-29,2151.1299,18143.4492
2016-09-30,2168.27,18308.1504
2016-10-03,2161.2,18253.8496
2016-10-04,2150.49,18168.4492
2016-10-05,2159.73,18281.0293
2016-10-06,2160.77,18268.5
2016-10-07,2153.74,18240.4902
2016-10-10,2163.6599,18329.0391
2016-10-11,2136.73,18128.6602
2016-10-12,2139.1799,18144.1992
2016-10-13,2132.55,18098.9395
2016-10-14,2132.98,18138.3809
2016-10-17,2126.5,18086.4004
2016-10-18,2139.6001,18161.9395
2016-10-19,2144.29,18202.6191
2016-10-20,2141.3401,18162.3496
2016-10-21,2141.1599,18145.7109
2016-10-24,2151.3301,18223.0293
2016-10-25,2143.1599,18169.2695
2016-10-26,2139.4299,18199.3301
2016-10-27,2133.04,18169.6797
2016-10-28,2126.4099,18161.1895
2016-10-31,2126.1499,18142.4199
2016-11-01,2111.72,18037.0996
2016-11-02,2097.9399,17959.6406
2016-11-03,2088.6599,17930.6699
2016-11-04,2085.1799,17888.2793
2016-11-07,2131.52,18259.5996
2016-11-08,2139.5601,18332.7402
2016-11-09,2163.26,18589.6895
2016-11-10,2167.48,18807.8809
2016-11-11,2164.45,18847.6602
2016-11-14,2164.2,18868.6895
2016-11-15,2180.3899,18923.0605
2016-11-16,2176.9399,18868.1406
2016-11-17,2187.1201,18903.8203
2016-11-18,2181.8999,18867.9297
2016-11-21,2198.1799,18956.6895
2016-11-22,2202.9399,19023.8691
2016-11-23,2204.72,19083.1797
2016-11-25,2213.3501,19152.1406
2016-11-28,2201.72,19097.9004
2016-11-29,2204.6599,19121.5996
2016-11-30,2198.8101,19123.5801
2016-12-01,2191.0801,19191.9297
2016-12-02,2191.95,19170.4199
2016-12-05,2204.71,19216.2402
2016-12-06,2212.23,19251.7793
2016-12-07,2241.3501,19549.6191
2016-12-08,2246.1899,19614.8105
2016-12-09,2259.53,19756.8496
2016-12-12,2256.96,19796.4297
2016-12-13,2271.72,19911.2109
2016-12-14,2253.28,19792.5293
2016-12-15,2262.03,19852.2402
2016-12-16,2258.0701,19843.4102
2016-12-19,2262.53,19883.0605
2016-12-20,2270.76,19974.6191
2016-12-21,2265.1799,19941.9609
2016-12-22,2260.96,19918.8809
2016-12-23,2263.79,19933.8105
2016-12-27,2268.8799,19945.0391
2016-12-28,2249.9199,19833.6797
2016-12-29,2249.26,19819.7793
2016-12-30,2238.8301,19762.5996
2017-01-03,2257.8301,19881.7598
2017-01-04,2270.75,19942.1602
2017-01-05,2269.0,19899.2891
2017-01-06,2276.98,19963.8008
2017-01-09,2268.8999,19887.3809
2017-01-10,2268.8999,19855.5293
2017-01-11,2275.3201,19954.2793
2017-01-12,2270.4399,19891.0
2017-01-13,2274.6399,19885.7305
2017-01-17,2267.8899,19826.7695
2017-01-18,2271.8899,19804.7207
2017-01-19,2263.6899,19732.4004
2017-01-20,2271.3101,19827.25
2017-01-23,2265.2,19799.8496
2017-01-24,2280.0701,19912.7109
2017-01-25,2298.3701,20068.5098
2017-01-26,2296.6799,20100.9102
2017-01-27,2294.6899,20093.7793
2017-01-30,2280.8999,19971.1309
2017-01-31,2278.8701,19864.0898
2017-02-01,2279.55,19890.9395
2017-02-02,2280.8501,19884.9102
2017-02-03,2297.4199,20071.4609
2017-02-06,2292.5601,20052.4199
2017-02-07,2293.0801,20090.2891
2017-02-08,2294.6699,20054.3398
2017-02-09,2307.8701,20172.4004
2017-02-10,2316.1001,20269.3691
2017-02-13,2328.25,20412.1602
2017-02-14,2337.5801,20504.4102
2017-02-15,2349.25,20611.8594
2017-02-16,2347.22,20619.7695
2017-02-17,2351.1599,20624.0508
2017-02-21,2365.3799,20743.0
2017-02-22,2362.8201,20775.5996
2017-02-23,2363.8101,20810.3203
2017-02-24,2367.3401,20821.7598
2017-02-27,2369.75,20837.4395
2017-02-28,2363.6399,20812.2402
2017-03-01,2395.96,21115.5508
2017-03-02,2381.9199,21002.9707
2017-03-03,2383.1201,21005.7109
2017-03-06,2375.3101,20954.3398
2017-03-07,2368.3899,20924.7598
2017-03-08,2362.98,20855.7305
2017-03-09,2364.8701,20858.1895
2017-03-10,2372.6001,20902.9805
2017-03-13,2373.47,20881.4805
2017-03-14,2365.45,20837.3691
2017-03-15,2385.26,20950.0996
2017-03-16,2381.3799,20934.5508
2017-03-17,2378.25,20914.6191
2017-03-20,2373.47,20905.8594
2017-03-21,2344.02,20668.0098
2017-03-22,2348.45,20661.3008
2017-03-23,2345.96,20656.5801
2017-03-24,2343.98,20596.7207
2017-03-27,2341.5901,20550.9805
2017-03-28,2358.5701,20701.5
2017-03-29,2361.1299,20659.3203
2017-03-30,2368.0601,20728.4902
2017-03-31,2362.72,20663.2207
2017-04-03,2358.8401,20650.2109
2017-04-04,2360.1599,20689.2402
2017-04-05,2352.95,20648.1504
2017-04-06,2357.49,20662.9492
2017-04-07,2355.54,20656.0996
2017-04-10,2357.1599,20658.0195
2017-04-11,2353.78,20651.3008
2017-04-12,2344.9299,20591.8594
2017-04-13,2328.95,20453.25
2017-04-17,2349.01,20636.9199
2017-04-18,2342.1899,20523.2793
2017-04-19,2338.1699,20404.4902
2017-04-20,2355.8401,20578.7109
2017-04-21,2348.6899,20547.7598
2017-04-24,2374.1499,20763.8906
2017-04-25,2388.6101,20996.1191
2017-04-26,2387.45,20975.0898
2017-04-27,2388.77,20981.3301
2017-04-28,2384.2,20940.5098
2017-05-01,2388.3301,20913.4609
2017-05-02,2391.1699,20949.8906
2017-05-03,2388.1299,20957.9004
2017-05-04,2389.52,20951.4707
2017-05-05,2399.29,21006.9395
2017-05-08,2399.3799,21012.2793
2017-05-09,2396.9199,20975.7793
2017-05-10,2399.6299,20943.1094
2017-05-11,2394.4399,20919.4199
2017-05-12,2390.8999,20896.6094
2017-05-15,2402.3201,20981.9395
2017-05-16,2400.6699,20979.75
2017-05-17,2357.03,20606.9297
2017-05-18,2365.72,20663.0195
2017-05-19,2381.73,20804.8398
2017-05-22,2394.02,20894.8301
2017-05-23,2398.4199,20937.9102
2017-05-24,2404.3899,21012.4199
2017-05-25,2415.0701,21082.9492
2017-05-26,2415.8201,21080.2793
2017-05-30,2412.9099,21029.4707
2017-05-31,2411.8,21008.6504
2017-06-01,2430.0601,21144.1797
2017-06-02,2439.0701,21206.2891
2017-06-05,2436.1001,21184.0391
2017-06-06,2429.3301,21136.2305
2017-06-07,2433.1399,21173.6895
2017-06-08,2433.79,21182.5293
2017-06-09,2431.77,21271.9707
2017-06-12,2429.3899,21235.6699
2017-06-13,2440.3501,21328.4707
2017-06-14,2437.9199,21374.5605
2017-06-15,2432.46,21359.9004
2017-06-16,2433.1499,21384.2793
2017-06-19,2453.46,21528.9902
2017-06-20,2437.03,21467.1406
2017-06-21,2435.6101,21410.0293
2017-06-22,2434.5,21397.2891
2017-06-23,2438.3,21394.7598
2017-06-26,2439.0701,21409.5508
2017-06-27,2419.3799,21310.6602
2017-06-28,2440.6899,21454.6094
2017-06-29,2419.7,21287.0293
2017-06-30,2423.4099,21349.6309
2017-07-03,2429.01,21479.2695
2017-07-05,2432.54,21478.1699
2017-07-06,2409.75,21320.0391
2017-07-07,2425.1799,21414.3398
2017-07-10,2427.4299,21408.5195
2017-07-11,2425.53,21409.0703
2017-07-12,2443.25,21532.1406
2017-07-13,2447.8301,21553.0898
2017-07-14,2459.27,21637.7402
2017-07-17,2459.1399,21629.7207
2017-07-18,2460.6101,21574.7305
2017-07-19,2473.8301,21640.75
2017-07-20,2473.45,21611.7793
2017-07-21,2472.54,21580.0703
2017-07-24,2469.9099,21513.1699
2017-07-25,2477.1299,21613.4297
2017-07-26,2477.8301,21711.0098
2017-07-27,2475.4199,21796.5508
2017-07-28,2472.1001,21830.3105
2017-07-31,2470.3,21891.1191
2017-08-01,2476.3501,21963.9199
2017-08-02,2477.5701,22016.2402
2017-08-03,2472.1599,22026.0996
2017-08-04,2476.8301,22092.8105
2017-08-07,2480.9099,22118.4199
2017-08-08,2474.9199,22085.3398
2017-08-09,2474.02,22048.6992
2017-08-10,2438.21,21844.0098
2017-08-11,2441.3201,21858.3203
2017-08-14,2465.8401,21993.7109
2017-08-15,2464.6101,21998.9902
2017-08-16,2468.1101,22024.8691
2017-08-17,2430.01,21750.7305
2017-08-18,2425.55,21674.5098
2017-08-21,2428.3701,21703.75
2017-08-22,2452.51,21899.8906
2017-08-23,2444.04,21812.0898
2017-08-24,2438.97,21783.4004
2017-08-25,2443.05,21813.6699
2017-08-28,2444.24,21808.4004
2017-08-29,2446.3,21865.3691
2017-08-30,2457.5901,21892.4297
2017-08-31,2471.6499,21948.0996
2017-09-01,2476.55,21987.5605
2017-09-05,2457.8501,21753.3105
2017-09-06,2465.54,21807.6406
2017-09-07,2465.1001,21784.7793
2017-09-08,2461.4299,21797.7891
2017-09-11,2488.1101,22057.3691
2017-09-12,2496.48,22118.8594
2017-09-13,2498.3701,22158.1797
2017-09-14,2495.6201,22203.4805
2017-09-15,2500.23,22268.3398
2017-09-18,2503.8701,22331.3496
2017-09-19,2506.6499,22370.8008
2017-09-20,2508.24,22412.5898
2017-09-21,2500.6001,22359.2305
2017-09-22,2502.22,22349.5898
2017-09-25,2496.6599,22296.0898
2017-09-26,2496.8401,22284.3203
2017-09-27,2507.04,22340.7109
2017-09-28,2510.0601,22381.1992
2017-09-29,2519.3601,22405.0898
2017-10-02,2529.1201,22557.5996
2017-10-03,2534.5801,22641.6699
2017-10-04,2537.74,22661.6406
2017-10-05,2552.0701,22775.3906
2017-10-06,2549.3301,22773.6699
2017-10-09,2544.73,22761.0703
2017-10-10,2550.6399,22830.6797
2017-10-11,2555.24,22872.8906
2017-10-12,2550.9299,22841.0098
2017-10-13,2553.1699,22871.7207
2017-10-16,2557.6399,22956.9609
2017-10-17,2559.3601,22997.4395
2017-10-18,2561.26,23157.5996
2017-10-19,2562.1001,23163.0391
2017-10-20,2575.21,23328.6309
2017-10-23,2564.98,23273.9609
2017-10-24,2569.1299,23441.7598
2017-10-25,2557.1499,23329.4609
2017-10-26,2560.3999,23400.8594
2017-10-27,2581.0701,23434.1895
2017-10-30,2572.8301,23348.7402
2017-10-31,2575.26,23377.2402
2017-11-01,2579.3601,23435.0098
2017-11-02,2579.8501,23516.2598
2017-11-03,2587.8401,23539.1895
2017-11-06,2591.1299,23548.4199
2017-11-07,2590.6399,23557.2305
2017-11-08,2594.3799,23563.3594
2017-11-09,2584.6201,23461.9395
2017-11-10,2582.3,23422.2109
2017-11-13,2584.8401,23439.6992
2017-11-14,2578.8701,23409.4707
2017-11-15,2564.6201,23271.2793
2017-11-16,2585.6399,23458.3594
2017-11-17,2578.8501,23358.2402
2017-11-20,2582.1399,23430.3301
2017-11-21,2599.03,23590.8301
2017-11-22,2597.0801,23526.1797
2017-11-24,2602.4199,23557.9902
2017-11-27,2601.4199,23580.7793
2017-11-28,2627.04,23836.7109
2017-11-29,2626.0701,23940.6797
2017-11-30,2647.5801,24272.3496
2017-12-01,2642.22,24231.5898
2017-12-04,2639.4399,24290.0508
2017-12-05,2629.5701,24180.6406
2017-12-06,2629.27,24140.9102
2017-12-07,2636.98,24211.4805
2017-12-08,2651.5,24329.1602
2017-12-11,2659.99,24386.0293
2017-12-12,2664.1101,24504.8008
2017-12-13,2662.8501,24585.4297
2017-12-14,2652.01,24508.6602
2017-12-15,2675.8101,24651.7402
2017-12-18,2690.1599,24792.1992
2017-12-19,2681.47,24754.75
2017-12-20,2679.25,24726.6504
2017-12-21,2684.5701,24782.2891
2017-12-22,2683.3401,24754.0605
2017-12-26,2680.5,24746.2109
2017-12-27,2682.6201,24774.3008
2017-12-28,2687.54,24837.5098
2017-12-29,2673.6101,24719.2207
2018-01-02,2695.8101,24824.0098
2018-01-03,2713.0601,24922.6797
2018-01-04,2723.99,25075.1309
2018-01-05,2743.1499,25295.8691
2018-01-08,2747.71,25283.0
2018-01-09,2751.29,25385.8008
2018-01-10,2748.23,25369.1309
2018-01-11,2767.5601,25574.7305
2018-01-12,2786.24,25803.1895
2018-01-16,2776.4199,25792.8594
2018-01-17,2802.5601,26115.6504
2018-01-18,2798.03,26017.8105
2018-01-19,2810.3,26071.7207
2018-01-22,2832.97,26214.5996
2018-01-23,2839.1299,26210.8105
2018-01-24,2837.54,26252.1191
2018-01-25,2839.25,26392.7891
2018-01-26,2872.8701,26616.7109
2018-01-29,2853.53,26439.4805
2018-01-30,2822.4299,26076.8906
2018-01-31,2823.8101,26149.3906
2018-02-01,2821.98,26186.7109
2018-02-02,2762.1299,25520.9609
2018-02-05,2648.9399,24345.75
2018-02-06,2695.1399,24912.7695
2018-02-07,2681.6599,24893.3496
2018-02-08,2581.0,23860.4609
2018-02-09,2619.55,24190.9004
2018-02-12,2656.0,24601.2695
2018-02-13,2662.9399,24640.4492
2018-02-14,2698.6299,24893.4902
2018-02-15,2731.2,25200.3691
2018-02-16,2732.22,25219.3809
2018-02-20,2716.26,24964.75
2018-02-21,2701.3301,24797.7793
2018-02-22,2703.96,24962.4805
2018-02-23,2747.3,25309.9902
2018-02-26,2779.6001,25709.2695
2018-02-27,2744.28,25410.0293
2018-02-28,2713.8301,25029.1992
2018-03-01,2677.6699,24608.9805
2018-03-02,2691.25,24538.0605
2018-03-05,2720.9399,24874.7598
2018-03-06,2728.1201,24884.1191
2018-03-07,2726.8,24801.3594
2018-03-08,2738.97,24895.2109
2018-03-09,2786.5701,25335.7402
2018-03-12,2783.02,25178.6094
2018-03-13,2765.3101,25007.0293
2018-03-14,2749.48,24758.1191
2018-03-15,2747.3301,24873.6602
2018-03-16,2752.01,24946.5098
2018-03-19,2712.9199,24610.9102
2018-03-20,2716.9399,24727.2695
2018-03-21,2711.9299,24682.3105
2018-03-22,2643.6899,23957.8906
2018-03-23,2588.26,23533.1992
2018-03-26,2658.55,24202.5996
2018-03-27,2612.6201,23857.7109
2018-03-28,2605.0,23848.4199
2018-03-29,2640.8701,24103.1094
2018-04-02,2581.8799,23644.1895
2018-04-03,2614.45,24033.3594
2018-04-04,2644.6899,24264.3008
2018-04-05,2662.8401,24505.2207
2018-04-06,2604.47,23932.7598
2018-04-09,2613.1599,23979.0996
2018-04-10,2656.8701,24408.0
2018-04-11,2642.1899,24189.4492
2018-04-12,2663.99,24483.0508
2018-04-13,2656.3,24360.1406
2018-04-16,2677.8401,24573.0391
2018-04-17,2706.3899,24786.6309
2018-04-18,2708.6399,24748.0703
2018-04-19,2693.1299,24664.8906
2018-04-20,2670.1399,24462.9395
2018-04-23,2670.29,24448.6895
2018-04-24,2634.5601,24024.1309
2018-04-25,2639.3999,24083.8301
2018-04-26,2666.9399,24322.3398
2018-04-27,2669.9099,24311.1895
2018-04-30,2648.05,24163.1504
2018-05-01,2654.8,24099.0508
2018-05-02,2635.6699,23924.9805
2018-05-03,2629.73,23930.1504
2018-05-04,2663.4199,24262.5098
2018-05-07,2672.6299,24357.3203
2018-05-08,2671.9199,24360.2109
2018-05-09,2697.79,24542.5391
2018-05-10,2723.0701,24739.5293
2018-05-11,2727.72,24831.1699
2018-05-14,2730.1299,24899.4102
2018-05-15,2711.45,24706.4102
2018-05-16,2722.46,24768.9297
2018-05-17,2720.1299,24713.9805
2018-05-18,2712.97,24715.0898
2018-05-21,2733.01,25013.2891
2018-05-22,2724.4399,24834.4102
2018-05-23,2733.29,24886.8105
2018-05-24,2727.76,24811.7598
2018-05-25,2721.3301,24753.0898
2018-05-29,2689.8601,24361.4492
2018-05-30,2724.01,24667.7793
2018-05-31,2705.27,24415.8398
2018-06-01,2734.6201,24635.2109
2018-06-04,2746.8701,24813.6895
2018-06-05,2748.8,24799.9805
2018-06-06,2772.3501,25146.3906
2018-06-07,2770.3701,25241.4102
2018-06-08,2779.03,25316.5293
2018-06-11,2782.0,25322.3105
2018-06-12,2786.8501,25320.7305
2018-06-13,2775.6299,25201.1992
2018-06-14,2782.49,25175.3105
2018-06-15,2779.6599,25090.4805
2018-06-18,2773.75,24987.4707
2018-06-19,2762.5901,24700.2109
2018-06-20,2767.3201,24657.8008
2018-06-21,2749.76,24461.6992
2018-06-22,2754.8799,24580.8906
2018-06-25,2717.0701,24252.8008
2018-06-26,2723.0601,24283.1094
2018-06-27,2699.6299,24117.5898
2018-06-28,2716.3101,24216.0508
2018-06-29,2718.3701,24271.4102
2018-07-02,2726.71,24307.1797
2018-07-03,2713.22,24174.8203
2018-07-05,2736.6101,24356.7402
2018-07-06,2759.8201,24456.4805
2018-07-09,2784.1699,24776.5898
2018-07-10,2793.8401,24919.6602
2018-07-11,2774.02,24700.4492
2018-07-12,2798.29,24924.8906
2018-07-13,2801.3101,25019.4102
2018-07-16,2798.4299,25064.3594
2018-07-17,2809.55,25119.8906
2018-07-18,2815.6201,25199.2891
2018-07-19,2804.49,25064.5
2018-07-20,2801.8301,25058.1191
2018-07-23,2806.98,25044.2891
2018-07-24,2820.3999,25241.9395
2018-07-25,2846.0701,25414.0996
2018-07-26,2837.4399,25527.0703
2018-07-27,2818.8201,25451.0605
2018-07-30,2802.6001,25306.8301
2018-07-31,2816.29,25415.1895
2018-08-01,2813.3601,25333.8203
2018-08-02,2827.22,25326.1602
2018-08-03,2840.3501,25462.5801
2018-08-06,2850.3999,25502.1797
2018-08-07,2858.45,25628.9102
2018-08-08,2857.7,25583.75
2018-08-09,2853.5801,25509.2305
2018-08-10,2833.28,25313.1406
2018-08-13,2821.9299,25187.6992
2018-08-14,2839.96,25299.9199
2018-08-15,2818.3701,25162.4102
2018-08-16,2840.6899,25558.7305
2018-08-17,2850.1299,25669.3203
2018-08-20,2857.05,25758.6895
2018-08-21,2862.96,25822.2891
2018-08-22,2861.8201,25733.5996
2018-08-23,2856.98,25656.9805
2018-08-24,2874.6899,25790.3496
2018-08-27,2896.74,26049.6406
2018-08-28,2897.52,26064.0195
2018-08-29,2914.04,26124.5703
2018-08-30,2901.1299,25986.9199
2018-08-31,2901.52,25964.8203
2018-09-04,2896.72,25952.4805
2018-09-05,2888.6001,25974.9902
2018-09-06,2878.05,25995.8691
2018-09-07,2871.6799,25916.5391
2018-09-10,2877.1299,25857.0703
2018-09-11,2887.8899,25971.0605
2018-09-12,2888.9199,25998.9199
2018-09-13,2904.1799,26145.9902
2018-09-14,2904.98,26154.6699
2018-09-17,2888.8,26062.1191
2018-09-18,2904.3101,26246.9609
2018-09-19,2907.95,26405.7598
2018-09-20,2930.75,26656.9805
2018-09-21,2929.6699,26743.5
2018-09-24,2919.3701,26562.0508
2018-09-25,2915.5601,26492.2109
2018-09-26,2905.97,26385.2793
2018-09-27,2914.0,26439.9297
2018-09-28,2913.98,26458.3105
2018-10-01,2924.5901,26651.2109
2018-10-02,2923.4299,26773.9395
2018-10-03,2925.51,26828.3906
2018-10-04,2901.6101,26627.4805
2018-10-05,2885.5701,26447.0508
2018-10-08,2884.4299,26486.7793
2018-10-09,2880.3401,26430.5703
2018-10-10,2785.6799,25598.7402
2018-10-11,2728.3701,25052.8301
2018-10-12,2767.1299,25339.9902
2018-10-15,2750.79,25250.5508
2018-10-16,2809.9199,25798.4199
2018-10-17,2809.21,25706.6797
2018-10-18,2768.78,25379.4492
2018-10-19,2767.78,25444.3398
2018-10-22,2755.8799,25317.4102
2018-10-23,2740.6899,25191.4297
2018-10-24,2656.1001,24583.4199
2018-10-25,2705.5701,24984.5508
2018-10-26,2658.6899,24688.3105
2018-10-29,2641.25,24442.9199
2018-10-30,2682.6299,24874.6406
2018-10-31,2711.74,25115.7598
2018-11-01,2740.3701,25380.7402
2018-11-02,2723.0601,25270.8301
2018-11-05,2738.3101,25461.6992
2018-11-06,2755.45,25635.0098
2018-11-07,2813.8899,26180.3008
2018-11-08,2806.8301,26191.2207
2018-11-09,2781.01,25989.3008
2018-11-12,2726.22,25387.1797
2018-11-13,2722.1799,25286.4902
2018-11-14,2701.5801,25080.5
2018-11-15,2730.2,25289.2695
2018-11-16,2736.27,25413.2207
2018-11-19,2690.73,25017.4395
2018-11-20,2641.8899,24465.6406
2018-11-21,2649.9299,24464.6895
2018-11-23,2632.5601,24285.9492
2018-11-26,2673.45,24640.2402
2018-11-27,2682.1699,24748.7305
2018-11-28,2743.79,25366.4297
2018-11-29,2737.8,25338.8398
2018-11-30,2760.1699,25538.4609
2018-12-03,2790.3701,25826.4297
2018-12-04,2700.0601,25027.0703
2018-12-06,2695.95,24947.6699
2018-12-07,2633.0801,24388.9492
2018-12-10,2637.72,24423.2598
2018-12-11,2636.78,24370.2402
2018-12-12,2651.0701,24527.2695
2018-12-13,2650.54,24597.3809
2018-12-14,2599.95,24100.5098
2018-12-17,2545.9399,23592.9805
2018-12-18,2546.1599,23675.6406
2018-12-19,2506.96,23323.6602
2018-12-20,2467.4199,22859.5996
2018-12-21,2416.6201,22445.3691
2018-12-24,2351.1001,21792.1992
2018-12-26,2467.7,22878.4492
2018-12-27,2488.8301,23138.8203
2018-12-28,2485.74,23062.4004
2018-12-31,2506.8501,23327.4609
2019-01-02,2510.03,23346.2402
2019-01-03,2447.8899,22686.2207
2019-01-04,2531.9399,23433.1602
2019-01-07,2549.6899,23531.3496
2019-01-08,2574.4099,23787.4492
2019-01-09,2584.96,23879.1191
2019-01-10,2596.6399,24001.9199
2019-01-11,2596.26,23995.9492
2019-01-14,2582.6101,23909.8398
2019-01-15,2610.3,24065.5898
2019-01-16,2616.1001,24207.1602
2019-01-17,2635.96,24370.0996
2019-01-18,2670.71,24706.3496
2019-01-22,2632.8999,24404.4805
2019-01-23,2638.7,24575.6191
2019-01-24,2642.3301,24553.2402
2019-01-25,2664.76,24737.1992
2019-01-28,2643.8501,24528.2207
2019-01-29,2640.0,24579.9609
2019-01-30,2681.05,25014.8594
2019-01-31,2704.1001,24999.6699
2019-02-01,2706.53,25063.8906
2019-02-04,2724.8701,25239.3691
2019-02-05,2737.7,25411.5195
2019-02-06,2731.6101,25390.3008
2019-02-07,2706.05,25169.5293
2019-02-08,2707.8799,25106.3301
2019-02-11,2709.8,25053.1094
2019-02-12,2744.73,25425.7598
2019-02-13,2753.03,25543.2695
2019-02-14,2745.73,25439.3906
2019-02-15,2775.6001,25883.25
2019-02-19,2779.76,25891.3203
2019-02-20,2784.7,25954.4395
2019-02-21,2774.8799,25850.6309
2019-02-22,2792.6699,26031.8105
2019-02-25,2796.1101,26091.9492
2019-02-26,2793.8999,26057.9805
2019-02-27,2792.3799,25985.1602
2019-02-28,2784.49,25916.0
2019-03-01,2803.6899,26026.3203
2019-03-04,2792.8101,25819.6504
2019-03-05,2789.6499,25806.6309
2019-03-06,2771.45,25673.4609
2019-03-07,2748.9299,25473.2305
2019-03-08,2743.0701,25450.2402
2019-03-11,2783.3,25650.8809
2019-03-12,2791.52,25554.6602
2019-03-13,2810.9199,25702.8906
2019-03-14,2808.48,25709.9395
2019-03-15,2822.48,25848.8691
2019-03-18,2832.9399,25914.0996
2019-03-19,2832.5701,25887.3809
2019-03-20,2824.23,25745.6699
2019-03-21,2854.8799,25962.5098
2019-03-22,2800.71,25502.3203
2019-03-25,2798.3601,25516.8301
2019-03-26,2818.46,25657.7305
2019-03-27,2805.3701,25625.5898
2019-03-28,2815.4399,25717.4609
2019-03-29,2834.3999,25928.6797
2019-04-01,2867.1899,26258.4199
2019-04-02,2867.24,26179.1309
2019-04-03,2873.3999,26218.1309
2019-04-04,2879.3899,26384.6309
2019-04-05,2886.5901,26400.8008
